<?xml version="1.0" encoding="windows-1252"?>
<!--  This file conforms to the DTD xdc/bld/build.dtd -->
<package name="ti.vlib" version="3, 0, 0, 0" producerId="undefined">
    <units>
        <module name="Version"/>
    </units>
    <sources>
    </sources>
    <configscripts>
    </configscripts>
    <makefiles>
        <srcFile name="package.mak" src="package.bld"/>
        <srcFile name="package/package.xdc.dep" src="package.xdc"/>
        <srcFile name="package/package.cfg.dep" src="package.xdc"/>
        <srcFile name="package/rel/ti_vlib_obj_c674x_3_3_0_3.zip.dep" src="package/rel/ti_vlib_obj_c674x_3_3_0_3.xdc.inc"/>
    </makefiles>
    <targets>
    </targets>
    <libraries>
    </libraries>
    <configurations>
    </configurations>
    <executables>
    </executables>
    <tests>
    </tests>
    <releases relDir="package/rel/">
    <release name="ti_vlib_obj_c674x_3_3_0_3"
        pname="ti_vlib_obj_c674x_3_3_0_3.zip"
        label="default"
    >
        <file name="package/package.bld.xml"/>
        <file name="package/build.cfg"/>
        <file name="lib/common.a674"/>
        <file name="lib/common.lib"/>
        <file name="lib/common.ae674"/>
        <file name="lib/vlib.a674"/>
        <file name="lib/vlib.lib"/>
        <file name="lib/vlib.ae674"/>
        <file name="lib/vlib_cn.a674"/>
        <file name="lib/vlib_cn.lib"/>
        <file name="lib/vlib_cn.ae674"/>
        <file name="src/VLIB_afast12_detectCorners//c64P//VLIB_afast12_detectCorners_674_LE_COFF"/>
        <file name="src/VLIB_afast12_detectCorners/VLIB_afast12_detectCorners.h"/>
        <file name="src/VLIB_afast12_detectCorners/VLIB_afast12_detectCorners_cn.h"/>
        <file name="src/VLIB_afast12_detectCorners/VLIB_afast12_detectCorners_d.c"/>
        <file name="src/VLIB_afast12_detectCorners/VLIB_afast12_detectCorners_idat.c"/>
        <file name="src/VLIB_afast12_detectCorners/VLIB_afast12_detectCorners_idat.h"/>
        <file name="src/VLIB_afast12_detectCorners//c64P/VLIB_afast12_detectCorners.h"/>
        <file name="src/common/VLIB_profile.h"/>
        <file name="src/common/VLIB_test.h"/>
        <file name="src/common/VLIB_cache.h"/>
        <file name="src/common/VLIB_memory.h"/>
        <file name="src/common/VLIB_types.h"/>
        <file name="src/common/VLIB_platforms.h"/>
        <file name="src/common/VLIB_kalmanFilter.h"/>
        <file name="src/common/VLIB_haarDetectObjectsClassifier_idat.h"/>
        <file name="src/common/VLIB_haarDetectObjects_types.h"/>
        <file name="src/common/VLIB_orb_utilities.h"/>
        <file name="src/common/VLIB_orb.h"/>
        <file name="src/common/VLIB_tiler.h"/>
        <file name="src/common/c6x/VLIB_cache.h"/>
        <file name="src/common//c64P/VLIB_types.h"/>
        <file name="src/common//c674/lnk.cmd"/>
        <file name="src/VLIB_afast12_detectCorners//c64P//VLIB_afast12_detectCorners_674_LE_ELF"/>
        <file name="src/VLIB_afast9_detectCorners//c64P//VLIB_afast9_detectCorners_674_LE_COFF"/>
        <file name="src/VLIB_afast9_detectCorners/VLIB_afast9_detectCorners.h"/>
        <file name="src/VLIB_afast9_detectCorners/VLIB_afast9_detectCorners_cn.h"/>
        <file name="src/VLIB_afast9_detectCorners/VLIB_afast9_detectCorners_d.c"/>
        <file name="src/VLIB_afast9_detectCorners/VLIB_afast9_detectCorners_idat.c"/>
        <file name="src/VLIB_afast9_detectCorners/VLIB_afast9_detectCorners_idat.h"/>
        <file name="src/VLIB_afast9_detectCorners//c64P/VLIB_afast9_detectCorners.h"/>
        <file name="src/VLIB_afast9_detectCorners//c64P//VLIB_afast9_detectCorners_674_LE_ELF"/>
        <file name="src/VLIB_aFast_nonmaxSuppression//c64P//VLIB_aFast_nonmaxSuppression_674_LE_COFF"/>
        <file name="src/VLIB_aFast_nonmaxSuppression/VLIB_aFast_nonmaxSuppression.h"/>
        <file name="src/VLIB_aFast_nonmaxSuppression/VLIB_aFast_nonmaxSuppression_cn.h"/>
        <file name="src/VLIB_aFast_nonmaxSuppression/VLIB_aFast_nonmaxSuppression_d.c"/>
        <file name="src/VLIB_aFast_nonmaxSuppression/VLIB_aFast_nonmaxSuppression_idat.c"/>
        <file name="src/VLIB_aFast_nonmaxSuppression/VLIB_aFast_nonmaxSuppression_idat.h"/>
        <file name="src/VLIB_aFast_nonmaxSuppression//c64P/VLIB_aFast_nonmaxSuppression.h"/>
        <file name="src/VLIB_aFast_nonmaxSuppression//c64P//VLIB_aFast_nonmaxSuppression_674_LE_ELF"/>
        <file name="src/VLIB_bhattacharyaDistance_U32//c64P//VLIB_bhattacharyaDistance_U32_674_LE_COFF"/>
        <file name="src/VLIB_bhattacharyaDistance_U32/VLIB_bhattacharyaDistance_U32.h"/>
        <file name="src/VLIB_bhattacharyaDistance_U32/VLIB_bhattacharyaDistance_U32_cn.h"/>
        <file name="src/VLIB_bhattacharyaDistance_U32/VLIB_bhattacharyaDistance_U32_d.c"/>
        <file name="src/VLIB_bhattacharyaDistance_U32/VLIB_bhattacharyaDistance_U32_idat.c"/>
        <file name="src/VLIB_bhattacharyaDistance_U32/VLIB_bhattacharyaDistance_U32_idat.h"/>
        <file name="src/VLIB_bhattacharyaDistance_U32//c64P/VLIB_bhattacharyaDistance_U32.h"/>
        <file name="src/VLIB_bhattacharyaDistance_U32//c64P//VLIB_bhattacharyaDistance_U32_674_LE_ELF"/>
        <file name="src/VLIB_binarySkeleton//c64P//VLIB_binarySkeleton_674_LE_COFF"/>
        <file name="src/VLIB_binarySkeleton/VLIB_binarySkeleton.h"/>
        <file name="src/VLIB_binarySkeleton/VLIB_binarySkeleton_cn.h"/>
        <file name="src/VLIB_binarySkeleton/VLIB_binarySkeleton_d.c"/>
        <file name="src/VLIB_binarySkeleton/VLIB_binarySkeleton_idat.c"/>
        <file name="src/VLIB_binarySkeleton/VLIB_binarySkeleton_idat.h"/>
        <file name="src/VLIB_binarySkeleton//c64P/VLIB_binarySkeleton.h"/>
        <file name="src/VLIB_binarySkeleton//c64P//VLIB_binarySkeleton_674_LE_ELF"/>
        <file name="src/VLIB_blockMedian//c64P//VLIB_blockMedian_674_LE_COFF"/>
        <file name="src/VLIB_blockMedian/VLIB_blockMedian.h"/>
        <file name="src/VLIB_blockMedian/VLIB_blockMedian_cn.h"/>
        <file name="src/VLIB_blockMedian/VLIB_blockMedian_d.c"/>
        <file name="src/VLIB_blockMedian/VLIB_blockMedian_idat.c"/>
        <file name="src/VLIB_blockMedian/VLIB_blockMedian_idat.h"/>
        <file name="src/VLIB_blockMedian//c64P/VLIB_blockMedian.h"/>
        <file name="src/VLIB_blockMedian//c64P//VLIB_blockMedian_674_LE_ELF"/>
        <file name="src/VLIB_blockStatistics//c64P//VLIB_blockStatistics_674_LE_COFF"/>
        <file name="src/VLIB_blockStatistics/VLIB_blockStatistics.h"/>
        <file name="src/VLIB_blockStatistics/VLIB_blockStatistics_cn.h"/>
        <file name="src/VLIB_blockStatistics/VLIB_blockStatistics_d.c"/>
        <file name="src/VLIB_blockStatistics/VLIB_blockStatistics_idat.c"/>
        <file name="src/VLIB_blockStatistics/VLIB_blockStatistics_idat.h"/>
        <file name="src/VLIB_blockStatistics//c64P/VLIB_blockStatistics.h"/>
        <file name="src/VLIB_blockStatistics//c64P//VLIB_blockStatistics_674_LE_ELF"/>
        <file name="src/VLIB_Canny_Edge_Detection//c64P//VLIB_Canny_Edge_Detection_674_LE_COFF"/>
        <file name="src/VLIB_Canny_Edge_Detection/VLIB_Canny_Edge_Detection.h"/>
        <file name="src/VLIB_Canny_Edge_Detection/VLIB_Canny_Edge_Detection_cn.h"/>
        <file name="src/VLIB_Canny_Edge_Detection/VLIB_Canny_Edge_Detection_d.c"/>
        <file name="src/VLIB_Canny_Edge_Detection/VLIB_Canny_Edge_Detection_idat.c"/>
        <file name="src/VLIB_Canny_Edge_Detection/VLIB_Canny_Edge_Detection_idat.h"/>
        <file name="src/VLIB_Canny_Edge_Detection//c64P/VLIB_Canny_Edge_Detection.h"/>
        <file name="src/VLIB_Canny_Edge_Detection//c64P//VLIB_Canny_Edge_Detection_674_LE_ELF"/>
        <file name="src/VLIB_Connected_Components_Labeling//c64P//VLIB_Connected_Components_Labeling_674_LE_COFF"/>
        <file name="src/VLIB_Connected_Components_Labeling/AVMClasses.h"/>
        <file name="src/VLIB_Connected_Components_Labeling/VLIB_Connected_Components_Labeling.h"/>
        <file name="src/VLIB_Connected_Components_Labeling/VLIB_Connected_Components_Labeling_cn.h"/>
        <file name="src/VLIB_Connected_Components_Labeling/VLIB_Connected_Components_Labeling_d.c"/>
        <file name="src/VLIB_Connected_Components_Labeling/VLIB_Connected_Components_Labeling_idat.c"/>
        <file name="src/VLIB_Connected_Components_Labeling/VLIB_Connected_Components_Labeling_idat.h"/>
        <file name="src/VLIB_Connected_Components_Labeling/VLIB_Mask2RLE.h"/>
        <file name="src/VLIB_Connected_Components_Labeling//c64P/VLIB_Connected_Components_Labeling.h"/>
        <file name="src/VLIB_Connected_Components_Labeling//c64P//VLIB_Connected_Components_Labeling_674_LE_ELF"/>
        <file name="src/VLIB_convertUYVYint_to_HSLpl//c64P//VLIB_convertUYVYint_to_HSLpl_674_LE_COFF"/>
        <file name="src/VLIB_convertUYVYint_to_HSLpl/VLIB_convertUYVYint_to_HSLpl.h"/>
        <file name="src/VLIB_convertUYVYint_to_HSLpl/VLIB_convertUYVYint_to_HSLpl_cn.h"/>
        <file name="src/VLIB_convertUYVYint_to_HSLpl/VLIB_convertUYVYint_to_HSLpl_d.c"/>
        <file name="src/VLIB_convertUYVYint_to_HSLpl/VLIB_convertUYVYint_to_HSLpl_idat.c"/>
        <file name="src/VLIB_convertUYVYint_to_HSLpl/VLIB_convertUYVYint_to_HSLpl_idat.h"/>
        <file name="src/VLIB_convertUYVYint_to_HSLpl//c64P/VLIB_convertUYVYint_to_HSLpl.h"/>
        <file name="src/VLIB_convertUYVYint_to_HSLpl//c64P//VLIB_convertUYVYint_to_HSLpl_674_LE_ELF"/>
        <file name="src/VLIB_convertUYVYint_to_LABpl//c64P//VLIB_convertUYVYint_to_LABpl_674_LE_COFF"/>
        <file name="src/VLIB_convertUYVYint_to_LABpl/VLIB_convertUYVYint_to_LABpl.h"/>
        <file name="src/VLIB_convertUYVYint_to_LABpl/VLIB_convertUYVYint_to_LABpl_cn.h"/>
        <file name="src/VLIB_convertUYVYint_to_LABpl/VLIB_convertUYVYint_to_LABpl_d.c"/>
        <file name="src/VLIB_convertUYVYint_to_LABpl/VLIB_convertUYVYint_to_LABpl_idat.c"/>
        <file name="src/VLIB_convertUYVYint_to_LABpl/VLIB_convertUYVYint_to_LABpl_idat.h"/>
        <file name="src/VLIB_convertUYVYint_to_LABpl//c64P/VLIB_convertUYVYint_to_LABpl.h"/>
        <file name="src/VLIB_convertUYVYint_to_LABpl//c64P//VLIB_convertUYVYint_to_LABpl_674_LE_ELF"/>
        <file name="src/VLIB_convertUYVYint_to_LABpl_LUT//c64P//VLIB_convertUYVYint_to_LABpl_LUT_674_LE_COFF"/>
        <file name="src/VLIB_convertUYVYint_to_LABpl_LUT/VLIB_convertUYVYint_to_LABpl_LUT.h"/>
        <file name="src/VLIB_convertUYVYint_to_LABpl_LUT/VLIB_convertUYVYint_to_LABpl_LUT_cn.h"/>
        <file name="src/VLIB_convertUYVYint_to_LABpl_LUT/VLIB_convertUYVYint_to_LABpl_LUT_d.c"/>
        <file name="src/VLIB_convertUYVYint_to_LABpl_LUT/VLIB_convertUYVYint_to_LABpl_LUT_idat.c"/>
        <file name="src/VLIB_convertUYVYint_to_LABpl_LUT/VLIB_convertUYVYint_to_LABpl_LUT_idat.h"/>
        <file name="src/VLIB_convertUYVYint_to_LABpl_LUT//c64P/VLIB_convertUYVYint_to_LABpl_LUT.h"/>
        <file name="src/VLIB_convertUYVYint_to_LABpl_LUT//c64P//VLIB_convertUYVYint_to_LABpl_LUT_674_LE_ELF"/>
        <file name="src/VLIB_convertUYVYint_to_RGBpl//c64P//VLIB_convertUYVYint_to_RGBpl_674_LE_COFF"/>
        <file name="src/VLIB_convertUYVYint_to_RGBpl/VLIB_convertUYVYint_to_RGBpl.h"/>
        <file name="src/VLIB_convertUYVYint_to_RGBpl/VLIB_convertUYVYint_to_RGBpl_cn.h"/>
        <file name="src/VLIB_convertUYVYint_to_RGBpl/VLIB_convertUYVYint_to_RGBpl_d.c"/>
        <file name="src/VLIB_convertUYVYint_to_RGBpl/VLIB_convertUYVYint_to_RGBpl_idat.c"/>
        <file name="src/VLIB_convertUYVYint_to_RGBpl/VLIB_convertUYVYint_to_RGBpl_idat.h"/>
        <file name="src/VLIB_convertUYVYint_to_RGBpl//c64P/VLIB_convertUYVYint_to_RGBpl.h"/>
        <file name="src/VLIB_convertUYVYint_to_RGBpl//c64P//VLIB_convertUYVYint_to_RGBpl_674_LE_ELF"/>
        <file name="src/VLIB_convertUYVYint_to_YUV420pl//c64P//VLIB_convertUYVYint_to_YUV420pl_674_LE_COFF"/>
        <file name="src/VLIB_convertUYVYint_to_YUV420pl/VLIB_convertUYVYint_to_YUV420pl.h"/>
        <file name="src/VLIB_convertUYVYint_to_YUV420pl/VLIB_convertUYVYint_to_YUV420pl_cn.h"/>
        <file name="src/VLIB_convertUYVYint_to_YUV420pl/VLIB_convertUYVYint_to_YUV420pl_d.c"/>
        <file name="src/VLIB_convertUYVYint_to_YUV420pl/VLIB_convertUYVYint_to_YUV420pl_idat.c"/>
        <file name="src/VLIB_convertUYVYint_to_YUV420pl/VLIB_convertUYVYint_to_YUV420pl_idat.h"/>
        <file name="src/VLIB_convertUYVYint_to_YUV420pl//c64P/VLIB_convertUYVYint_to_YUV420pl.h"/>
        <file name="src/VLIB_convertUYVYint_to_YUV420pl//c64P//VLIB_convertUYVYint_to_YUV420pl_674_LE_ELF"/>
        <file name="src/VLIB_convertUYVYint_to_YUV422pl//c64P//VLIB_convertUYVYint_to_YUV422pl_674_LE_COFF"/>
        <file name="src/VLIB_convertUYVYint_to_YUV422pl/VLIB_convertUYVYint_to_YUV422pl.h"/>
        <file name="src/VLIB_convertUYVYint_to_YUV422pl/VLIB_convertUYVYint_to_YUV422pl_cn.h"/>
        <file name="src/VLIB_convertUYVYint_to_YUV422pl/VLIB_convertUYVYint_to_YUV422pl_d.c"/>
        <file name="src/VLIB_convertUYVYint_to_YUV422pl/VLIB_convertUYVYint_to_YUV422pl_idat.c"/>
        <file name="src/VLIB_convertUYVYint_to_YUV422pl/VLIB_convertUYVYint_to_YUV422pl_idat.h"/>
        <file name="src/VLIB_convertUYVYint_to_YUV422pl//c64P/VLIB_convertUYVYint_to_YUV422pl.h"/>
        <file name="src/VLIB_convertUYVYint_to_YUV422pl//c64P//VLIB_convertUYVYint_to_YUV422pl_674_LE_ELF"/>
        <file name="src/VLIB_convertUYVYint_to_YUV444pl//c64P//VLIB_convertUYVYint_to_YUV444pl_674_LE_COFF"/>
        <file name="src/VLIB_convertUYVYint_to_YUV444pl/VLIB_convertUYVYint_to_YUV444pl.h"/>
        <file name="src/VLIB_convertUYVYint_to_YUV444pl/VLIB_convertUYVYint_to_YUV444pl_cn.h"/>
        <file name="src/VLIB_convertUYVYint_to_YUV444pl/VLIB_convertUYVYint_to_YUV444pl_d.c"/>
        <file name="src/VLIB_convertUYVYint_to_YUV444pl/VLIB_convertUYVYint_to_YUV444pl_idat.c"/>
        <file name="src/VLIB_convertUYVYint_to_YUV444pl/VLIB_convertUYVYint_to_YUV444pl_idat.h"/>
        <file name="src/VLIB_convertUYVYint_to_YUV444pl//c64P/VLIB_convertUYVYint_to_YUV444pl.h"/>
        <file name="src/VLIB_convertUYVYint_to_YUV444pl//c64P//VLIB_convertUYVYint_to_YUV444pl_674_LE_ELF"/>
        <file name="src/VLIB_convertUYVYpl_to_YUVint//c64P//VLIB_convertUYVYpl_to_YUVint_674_LE_COFF"/>
        <file name="src/VLIB_convertUYVYpl_to_YUVint/VLIB_convertUYVYpl_to_YUVint.h"/>
        <file name="src/VLIB_convertUYVYpl_to_YUVint/VLIB_convertUYVYpl_to_YUVint_cn.h"/>
        <file name="src/VLIB_convertUYVYpl_to_YUVint/VLIB_convertUYVYpl_to_YUVint_d.c"/>
        <file name="src/VLIB_convertUYVYpl_to_YUVint/VLIB_convertUYVYpl_to_YUVint_idat.c"/>
        <file name="src/VLIB_convertUYVYpl_to_YUVint/VLIB_convertUYVYpl_to_YUVint_idat.h"/>
        <file name="src/VLIB_convertUYVYpl_to_YUVint//c64P/VLIB_convertUYVYpl_to_YUVint.h"/>
        <file name="src/VLIB_convertUYVYpl_to_YUVint//c64P//VLIB_convertUYVYpl_to_YUVint_674_LE_ELF"/>
        <file name="src/VLIB_convertUYVYsemipl_to_YUVpl//c64P//VLIB_convertUYVYsemipl_to_YUVpl_674_LE_COFF"/>
        <file name="src/VLIB_convertUYVYsemipl_to_YUVpl/VLIB_convertUYVYsemipl_to_YUVpl.h"/>
        <file name="src/VLIB_convertUYVYsemipl_to_YUVpl/VLIB_convertUYVYsemipl_to_YUVpl_cn.h"/>
        <file name="src/VLIB_convertUYVYsemipl_to_YUVpl/VLIB_convertUYVYsemipl_to_YUVpl_d.c"/>
        <file name="src/VLIB_convertUYVYsemipl_to_YUVpl/VLIB_convertUYVYsemipl_to_YUVpl_idat.c"/>
        <file name="src/VLIB_convertUYVYsemipl_to_YUVpl/VLIB_convertUYVYsemipl_to_YUVpl_idat.h"/>
        <file name="src/VLIB_convertUYVYsemipl_to_YUVpl//c64P/VLIB_convertUYVYsemipl_to_YUVpl.h"/>
        <file name="src/VLIB_convertUYVYsemipl_to_YUVpl//c64P//VLIB_convertUYVYsemipl_to_YUVpl_674_LE_ELF"/>
        <file name="src/VLIB_convert_NV12_to_RGBpl_tile//c64P//VLIB_convert_NV12_to_RGBpl_tile_674_LE_COFF"/>
        <file name="src/VLIB_convert_NV12_to_RGBpl_tile/VLIB_convert_NV12_to_RGBpl_tile.h"/>
        <file name="src/VLIB_convert_NV12_to_RGBpl_tile/VLIB_convert_NV12_to_RGBpl_tile_cn.h"/>
        <file name="src/VLIB_convert_NV12_to_RGBpl_tile/VLIB_convert_NV12_to_RGBpl_tile_d.c"/>
        <file name="src/VLIB_convert_NV12_to_RGBpl_tile/VLIB_convert_NV12_to_RGBpl_tile_idat.c"/>
        <file name="src/VLIB_convert_NV12_to_RGBpl_tile/VLIB_convert_NV12_to_RGBpl_tile_idat.h"/>
        <file name="src/VLIB_convert_NV12_to_RGBpl_tile//c64P/VLIB_convert_NV12_to_RGBpl_tile.h"/>
        <file name="src/VLIB_convert_NV12_to_RGBpl_tile//c64P//VLIB_convert_NV12_to_RGBpl_tile_674_LE_ELF"/>
        <file name="src/VLIB_coOccurrenceMatrix//c64P//VLIB_coOccurrenceMatrix_674_LE_COFF"/>
        <file name="src/VLIB_coOccurrenceMatrix/VLIB_coOccurrenceMatrix.h"/>
        <file name="src/VLIB_coOccurrenceMatrix/VLIB_coOccurrenceMatrix_cn.h"/>
        <file name="src/VLIB_coOccurrenceMatrix/VLIB_coOccurrenceMatrix_d.c"/>
        <file name="src/VLIB_coOccurrenceMatrix/VLIB_coOccurrenceMatrix_idat.c"/>
        <file name="src/VLIB_coOccurrenceMatrix/VLIB_coOccurrenceMatrix_idat.h"/>
        <file name="src/VLIB_coOccurrenceMatrix//c64P/VLIB_coOccurrenceMatrix.h"/>
        <file name="src/VLIB_coOccurrenceMatrix//c64P//VLIB_coOccurrenceMatrix_674_LE_ELF"/>
        <file name="src/VLIB_dilate_bin_cross//c64P//VLIB_dilate_bin_cross_674_LE_COFF"/>
        <file name="src/VLIB_dilate_bin_cross/VLIB_dilate_bin_cross.h"/>
        <file name="src/VLIB_dilate_bin_cross/VLIB_dilate_bin_cross_cn.h"/>
        <file name="src/VLIB_dilate_bin_cross/VLIB_dilate_bin_cross_d.c"/>
        <file name="src/VLIB_dilate_bin_cross/VLIB_dilate_bin_cross_idat.c"/>
        <file name="src/VLIB_dilate_bin_cross/VLIB_dilate_bin_cross_idat.h"/>
        <file name="src/VLIB_dilate_bin_cross//c64P/VLIB_dilate_bin_cross.h"/>
        <file name="src/VLIB_dilate_bin_cross//c64P//VLIB_dilate_bin_cross_674_LE_ELF"/>
        <file name="src/VLIB_dilate_bin_mask//c64P//VLIB_dilate_bin_mask_674_LE_COFF"/>
        <file name="src/VLIB_dilate_bin_mask/VLIB_dilate_bin_mask.h"/>
        <file name="src/VLIB_dilate_bin_mask/VLIB_dilate_bin_mask_cn.h"/>
        <file name="src/VLIB_dilate_bin_mask/VLIB_dilate_bin_mask_d.c"/>
        <file name="src/VLIB_dilate_bin_mask/VLIB_dilate_bin_mask_idat.c"/>
        <file name="src/VLIB_dilate_bin_mask/VLIB_dilate_bin_mask_idat.h"/>
        <file name="src/VLIB_dilate_bin_mask//c64P/VLIB_dilate_bin_mask.h"/>
        <file name="src/VLIB_dilate_bin_mask//c64P//VLIB_dilate_bin_mask_674_LE_ELF"/>
        <file name="src/VLIB_dilate_bin_square//c64P//VLIB_dilate_bin_square_674_LE_COFF"/>
        <file name="src/VLIB_dilate_bin_square/VLIB_dilate_bin_square.h"/>
        <file name="src/VLIB_dilate_bin_square/VLIB_dilate_bin_square_cn.h"/>
        <file name="src/VLIB_dilate_bin_square/VLIB_dilate_bin_square_d.c"/>
        <file name="src/VLIB_dilate_bin_square/VLIB_dilate_bin_square_idat.c"/>
        <file name="src/VLIB_dilate_bin_square/VLIB_dilate_bin_square_idat.h"/>
        <file name="src/VLIB_dilate_bin_square//c64P/VLIB_dilate_bin_square.h"/>
        <file name="src/VLIB_dilate_bin_square//c64P//VLIB_dilate_bin_square_674_LE_ELF"/>
        <file name="src/VLIB_disparity_SAD16//c64P//VLIB_disparity_SAD16_674_LE_COFF"/>
        <file name="src/VLIB_disparity_SAD16/VLIB_disparity_SAD16.h"/>
        <file name="src/VLIB_disparity_SAD16/VLIB_disparity_SAD16_cn.h"/>
        <file name="src/VLIB_disparity_SAD16/VLIB_disparity_SAD16_d.c"/>
        <file name="src/VLIB_disparity_SAD16/VLIB_disparity_SAD16_idat.c"/>
        <file name="src/VLIB_disparity_SAD16/VLIB_disparity_SAD16_idat.h"/>
        <file name="src/VLIB_disparity_SAD16//c64P/VLIB_disparity_SAD16.h"/>
        <file name="src/VLIB_disparity_SAD16//c64P//VLIB_disparity_SAD16_674_LE_ELF"/>
        <file name="src/VLIB_disparity_SAD8//c64P//VLIB_disparity_SAD8_674_LE_COFF"/>
        <file name="src/VLIB_disparity_SAD8/VLIB_disparity_SAD8.h"/>
        <file name="src/VLIB_disparity_SAD8/VLIB_disparity_SAD8_cn.h"/>
        <file name="src/VLIB_disparity_SAD8/VLIB_disparity_SAD8_d.c"/>
        <file name="src/VLIB_disparity_SAD8/VLIB_disparity_SAD8_idat.c"/>
        <file name="src/VLIB_disparity_SAD8/VLIB_disparity_SAD8_idat.h"/>
        <file name="src/VLIB_disparity_SAD8//c64P/VLIB_disparity_SAD8.h"/>
        <file name="src/VLIB_disparity_SAD8//c64P//VLIB_disparity_SAD8_674_LE_ELF"/>
        <file name="src/VLIB_disparity_SAD_firstRow16//c64P//VLIB_disparity_SAD_firstRow16_674_LE_COFF"/>
        <file name="src/VLIB_disparity_SAD_firstRow16/VLIB_disparity_SAD_firstRow16.h"/>
        <file name="src/VLIB_disparity_SAD_firstRow16/VLIB_disparity_SAD_firstRow16_cn.h"/>
        <file name="src/VLIB_disparity_SAD_firstRow16/VLIB_disparity_SAD_firstRow16_d.c"/>
        <file name="src/VLIB_disparity_SAD_firstRow16/VLIB_disparity_SAD_firstRow16_idat.c"/>
        <file name="src/VLIB_disparity_SAD_firstRow16/VLIB_disparity_SAD_firstRow16_idat.h"/>
        <file name="src/VLIB_disparity_SAD_firstRow16//c64P/VLIB_disparity_SAD_firstRow16.h"/>
        <file name="src/VLIB_disparity_SAD_firstRow16//c64P//VLIB_disparity_SAD_firstRow16_674_LE_ELF"/>
        <file name="src/VLIB_disparity_SAD_firstRow8//c64P//VLIB_disparity_SAD_firstRow8_674_LE_COFF"/>
        <file name="src/VLIB_disparity_SAD_firstRow8/VLIB_disparity_SAD_firstRow8.h"/>
        <file name="src/VLIB_disparity_SAD_firstRow8/VLIB_disparity_SAD_firstRow8_cn.h"/>
        <file name="src/VLIB_disparity_SAD_firstRow8/VLIB_disparity_SAD_firstRow8_d.c"/>
        <file name="src/VLIB_disparity_SAD_firstRow8/VLIB_disparity_SAD_firstRow8_idat.c"/>
        <file name="src/VLIB_disparity_SAD_firstRow8/VLIB_disparity_SAD_firstRow8_idat.h"/>
        <file name="src/VLIB_disparity_SAD_firstRow8//c64P/VLIB_disparity_SAD_firstRow8.h"/>
        <file name="src/VLIB_disparity_SAD_firstRow8//c64P//VLIB_disparity_SAD_firstRow8_674_LE_ELF"/>
        <file name="src/VLIB_erode_bin_cross//c64P//VLIB_erode_bin_cross_674_LE_COFF"/>
        <file name="src/VLIB_erode_bin_cross/VLIB_erode_bin_cross.h"/>
        <file name="src/VLIB_erode_bin_cross/VLIB_erode_bin_cross_cn.h"/>
        <file name="src/VLIB_erode_bin_cross/VLIB_erode_bin_cross_d.c"/>
        <file name="src/VLIB_erode_bin_cross/VLIB_erode_bin_cross_idat.c"/>
        <file name="src/VLIB_erode_bin_cross/VLIB_erode_bin_cross_idat.h"/>
        <file name="src/VLIB_erode_bin_cross//c64P/VLIB_erode_bin_cross.h"/>
        <file name="src/VLIB_erode_bin_cross//c64P//VLIB_erode_bin_cross_674_LE_ELF"/>
        <file name="src/VLIB_erode_bin_mask//c64P//VLIB_erode_bin_mask_674_LE_COFF"/>
        <file name="src/VLIB_erode_bin_mask/VLIB_erode_bin_mask.h"/>
        <file name="src/VLIB_erode_bin_mask/VLIB_erode_bin_mask_cn.h"/>
        <file name="src/VLIB_erode_bin_mask/VLIB_erode_bin_mask_d.c"/>
        <file name="src/VLIB_erode_bin_mask/VLIB_erode_bin_mask_idat.c"/>
        <file name="src/VLIB_erode_bin_mask/VLIB_erode_bin_mask_idat.h"/>
        <file name="src/VLIB_erode_bin_mask//c64P/VLIB_erode_bin_mask.h"/>
        <file name="src/VLIB_erode_bin_mask//c64P//VLIB_erode_bin_mask_674_LE_ELF"/>
        <file name="src/VLIB_erode_bin_singlePixel//c64P//VLIB_erode_bin_singlePixel_674_LE_COFF"/>
        <file name="src/VLIB_erode_bin_singlePixel/VLIB_erode_bin_singlePixel.h"/>
        <file name="src/VLIB_erode_bin_singlePixel/VLIB_erode_bin_singlePixel_cn.h"/>
        <file name="src/VLIB_erode_bin_singlePixel/VLIB_erode_bin_singlePixel_d.c"/>
        <file name="src/VLIB_erode_bin_singlePixel/VLIB_erode_bin_singlePixel_idat.c"/>
        <file name="src/VLIB_erode_bin_singlePixel/VLIB_erode_bin_singlePixel_idat.h"/>
        <file name="src/VLIB_erode_bin_singlePixel//c64P/VLIB_erode_bin_singlePixel.h"/>
        <file name="src/VLIB_erode_bin_singlePixel//c64P//VLIB_erode_bin_singlePixel_674_LE_ELF"/>
        <file name="src/VLIB_erode_bin_square//c64P//VLIB_erode_bin_square_674_LE_COFF"/>
        <file name="src/VLIB_erode_bin_square/VLIB_erode_bin_square.h"/>
        <file name="src/VLIB_erode_bin_square/VLIB_erode_bin_square_cn.h"/>
        <file name="src/VLIB_erode_bin_square/VLIB_erode_bin_square_d.c"/>
        <file name="src/VLIB_erode_bin_square/VLIB_erode_bin_square_idat.c"/>
        <file name="src/VLIB_erode_bin_square/VLIB_erode_bin_square_idat.h"/>
        <file name="src/VLIB_erode_bin_square//c64P/VLIB_erode_bin_square.h"/>
        <file name="src/VLIB_erode_bin_square//c64P//VLIB_erode_bin_square_674_LE_ELF"/>
        <file name="src/VLIB_extract8bitBackgroundS16//c64P//VLIB_extract8bitBackgroundS16_674_LE_COFF"/>
        <file name="src/VLIB_extract8bitBackgroundS16/VLIB_extract8bitBackgroundS16.h"/>
        <file name="src/VLIB_extract8bitBackgroundS16/VLIB_extract8bitBackgroundS16_cn.h"/>
        <file name="src/VLIB_extract8bitBackgroundS16/VLIB_extract8bitBackgroundS16_d.c"/>
        <file name="src/VLIB_extract8bitBackgroundS16/VLIB_extract8bitBackgroundS16_idat.c"/>
        <file name="src/VLIB_extract8bitBackgroundS16/VLIB_extract8bitBackgroundS16_idat.h"/>
        <file name="src/VLIB_extract8bitBackgroundS16//c64P/VLIB_extract8bitBackgroundS16.h"/>
        <file name="src/VLIB_extract8bitBackgroundS16//c64P//VLIB_extract8bitBackgroundS16_674_LE_ELF"/>
        <file name="src/VLIB_extractLumaFromUYUV//c64P//VLIB_extractLumaFromUYUV_674_LE_COFF"/>
        <file name="src/VLIB_extractLumaFromUYUV/VLIB_extractLumaFromUYUV.h"/>
        <file name="src/VLIB_extractLumaFromUYUV/VLIB_extractLumaFromUYUV_cn.h"/>
        <file name="src/VLIB_extractLumaFromUYUV/VLIB_extractLumaFromUYUV_d.c"/>
        <file name="src/VLIB_extractLumaFromUYUV/VLIB_extractLumaFromUYUV_idat.c"/>
        <file name="src/VLIB_extractLumaFromUYUV/VLIB_extractLumaFromUYUV_idat.h"/>
        <file name="src/VLIB_extractLumaFromUYUV//c64P/VLIB_extractLumaFromUYUV.h"/>
        <file name="src/VLIB_extractLumaFromUYUV//c64P//VLIB_extractLumaFromUYUV_674_LE_ELF"/>
        <file name="src/VLIB_extractLumaFromYUYV//c64P//VLIB_extractLumaFromYUYV_674_LE_COFF"/>
        <file name="src/VLIB_extractLumaFromYUYV/VLIB_extractLumaFromYUYV.h"/>
        <file name="src/VLIB_extractLumaFromYUYV/VLIB_extractLumaFromYUYV_cn.h"/>
        <file name="src/VLIB_extractLumaFromYUYV/VLIB_extractLumaFromYUYV_d.c"/>
        <file name="src/VLIB_extractLumaFromYUYV/VLIB_extractLumaFromYUYV_idat.c"/>
        <file name="src/VLIB_extractLumaFromYUYV/VLIB_extractLumaFromYUYV_idat.h"/>
        <file name="src/VLIB_extractLumaFromYUYV//c64P/VLIB_extractLumaFromYUYV.h"/>
        <file name="src/VLIB_extractLumaFromYUYV//c64P//VLIB_extractLumaFromYUYV_674_LE_ELF"/>
        <file name="src/VLIB_gauss5x5PyramidKernel_16//c64P//VLIB_gauss5x5PyramidKernel_16_674_LE_COFF"/>
        <file name="src/VLIB_gauss5x5PyramidKernel_16/VLIB_gauss5x5PyramidKernel_16.h"/>
        <file name="src/VLIB_gauss5x5PyramidKernel_16/VLIB_gauss5x5PyramidKernel_16_cn.h"/>
        <file name="src/VLIB_gauss5x5PyramidKernel_16/VLIB_gauss5x5PyramidKernel_16_d.c"/>
        <file name="src/VLIB_gauss5x5PyramidKernel_16/VLIB_gauss5x5PyramidKernel_16_idat.c"/>
        <file name="src/VLIB_gauss5x5PyramidKernel_16/VLIB_gauss5x5PyramidKernel_16_idat.h"/>
        <file name="src/VLIB_gauss5x5PyramidKernel_16//c64P/VLIB_gauss5x5PyramidKernel_16.h"/>
        <file name="src/VLIB_gauss5x5PyramidKernel_16//c64P//VLIB_gauss5x5PyramidKernel_16_674_LE_ELF"/>
        <file name="src/VLIB_gauss5x5PyramidKernel_8//c64P//VLIB_gauss5x5PyramidKernel_8_674_LE_COFF"/>
        <file name="src/VLIB_gauss5x5PyramidKernel_8/VLIB_gauss5x5PyramidKernel_8.h"/>
        <file name="src/VLIB_gauss5x5PyramidKernel_8/VLIB_gauss5x5PyramidKernel_8_cn.h"/>
        <file name="src/VLIB_gauss5x5PyramidKernel_8/VLIB_gauss5x5PyramidKernel_8_d.c"/>
        <file name="src/VLIB_gauss5x5PyramidKernel_8/VLIB_gauss5x5PyramidKernel_8_idat.c"/>
        <file name="src/VLIB_gauss5x5PyramidKernel_8/VLIB_gauss5x5PyramidKernel_8_idat.h"/>
        <file name="src/VLIB_gauss5x5PyramidKernel_8//c64P/VLIB_gauss5x5PyramidKernel_8.h"/>
        <file name="src/VLIB_gauss5x5PyramidKernel_8//c64P//VLIB_gauss5x5PyramidKernel_8_674_LE_ELF"/>
        <file name="src/VLIB_goodFeaturestoTrack//c64P//VLIB_goodFeaturestoTrack_674_LE_COFF"/>
        <file name="src/VLIB_goodFeaturestoTrack/VLIB_goodFeaturestoTrack.h"/>
        <file name="src/VLIB_goodFeaturestoTrack/VLIB_goodFeaturestoTrack_cn.h"/>
        <file name="src/VLIB_goodFeaturestoTrack/VLIB_goodFeaturestoTrack_d.c"/>
        <file name="src/VLIB_goodFeaturestoTrack/VLIB_goodFeaturestoTrack_idat.c"/>
        <file name="src/VLIB_goodFeaturestoTrack/VLIB_goodFeaturestoTrack_idat.h"/>
        <file name="src/VLIB_goodFeaturestoTrack//c64P/VLIB_goodFeaturestoTrack.h"/>
        <file name="src/VLIB_goodFeaturestoTrack//c64P//VLIB_goodFeaturestoTrack_674_LE_ELF"/>
        <file name="src/VLIB_gradientH5x5PyramidKernel_8//c64P//VLIB_gradientH5x5PyramidKernel_8_674_LE_COFF"/>
        <file name="src/VLIB_gradientH5x5PyramidKernel_8/VLIB_gradientH5x5PyramidKernel_8.h"/>
        <file name="src/VLIB_gradientH5x5PyramidKernel_8/VLIB_gradientH5x5PyramidKernel_8_cn.h"/>
        <file name="src/VLIB_gradientH5x5PyramidKernel_8/VLIB_gradientH5x5PyramidKernel_8_d.c"/>
        <file name="src/VLIB_gradientH5x5PyramidKernel_8/VLIB_gradientH5x5PyramidKernel_8_idat.c"/>
        <file name="src/VLIB_gradientH5x5PyramidKernel_8/VLIB_gradientH5x5PyramidKernel_8_idat.h"/>
        <file name="src/VLIB_gradientH5x5PyramidKernel_8//c64P/VLIB_gradientH5x5PyramidKernel_8.h"/>
        <file name="src/VLIB_gradientH5x5PyramidKernel_8//c64P//VLIB_gradientH5x5PyramidKernel_8_674_LE_ELF"/>
        <file name="src/VLIB_gradientV5x5PyramidKernel_8//c64P//VLIB_gradientV5x5PyramidKernel_8_674_LE_COFF"/>
        <file name="src/VLIB_gradientV5x5PyramidKernel_8/VLIB_gradientV5x5PyramidKernel_8.h"/>
        <file name="src/VLIB_gradientV5x5PyramidKernel_8/VLIB_gradientV5x5PyramidKernel_8_cn.h"/>
        <file name="src/VLIB_gradientV5x5PyramidKernel_8/VLIB_gradientV5x5PyramidKernel_8_d.c"/>
        <file name="src/VLIB_gradientV5x5PyramidKernel_8/VLIB_gradientV5x5PyramidKernel_8_idat.c"/>
        <file name="src/VLIB_gradientV5x5PyramidKernel_8/VLIB_gradientV5x5PyramidKernel_8_idat.h"/>
        <file name="src/VLIB_gradientV5x5PyramidKernel_8//c64P/VLIB_gradientV5x5PyramidKernel_8.h"/>
        <file name="src/VLIB_gradientV5x5PyramidKernel_8//c64P//VLIB_gradientV5x5PyramidKernel_8_674_LE_ELF"/>
        <file name="src/VLIB_grayscale_morphology//c64P//VLIB_grayscale_morphology_674_LE_COFF"/>
        <file name="src/VLIB_grayscale_morphology/VLIB_grayscale_morphology.h"/>
        <file name="src/VLIB_grayscale_morphology/VLIB_grayscale_morphology_cn.h"/>
        <file name="src/VLIB_grayscale_morphology/VLIB_grayscale_morphology_d.c"/>
        <file name="src/VLIB_grayscale_morphology/VLIB_grayscale_morphology_idat.c"/>
        <file name="src/VLIB_grayscale_morphology/VLIB_grayscale_morphology_idat.h"/>
        <file name="src/VLIB_grayscale_morphology/VLIB_grayscale_morphology_types.h"/>
        <file name="src/VLIB_grayscale_morphology//c64P/VLIB_grayscale_morphology.h"/>
        <file name="src/VLIB_grayscale_morphology//c64P//VLIB_grayscale_morphology_674_LE_ELF"/>
        <file name="src/VLIB_haarDetectObjectsDense//c64P//VLIB_haarDetectObjectsDense_674_LE_COFF"/>
        <file name="src/VLIB_haarDetectObjectsDense/VLIB_haarDetectObjectsDense.h"/>
        <file name="src/VLIB_haarDetectObjectsDense/VLIB_haarDetectObjectsDense_cn.h"/>
        <file name="src/VLIB_haarDetectObjectsDense/VLIB_haarDetectObjectsDense_d.c"/>
        <file name="src/VLIB_haarDetectObjectsDense/VLIB_haarDetectObjectsDense_idat.c"/>
        <file name="src/VLIB_haarDetectObjectsDense/VLIB_haarDetectObjectsDense_idat.h"/>
        <file name="src/VLIB_haarDetectObjectsDense//c64P/VLIB_haarDetectObjectsDense.h"/>
        <file name="src/VLIB_haarDetectObjectsDense//c64P//VLIB_haarDetectObjectsDense_674_LE_ELF"/>
        <file name="src/VLIB_haarDetectObjectsSparse//c64P//VLIB_haarDetectObjectsSparse_674_LE_COFF"/>
        <file name="src/VLIB_haarDetectObjectsSparse/VLIB_haarDetectObjectsSparse.h"/>
        <file name="src/VLIB_haarDetectObjectsSparse/VLIB_haarDetectObjectsSparse_cn.h"/>
        <file name="src/VLIB_haarDetectObjectsSparse/VLIB_haarDetectObjectsSparse_d.c"/>
        <file name="src/VLIB_haarDetectObjectsSparse/VLIB_haarDetectObjectsSparse_idat.c"/>
        <file name="src/VLIB_haarDetectObjectsSparse/VLIB_haarDetectObjectsSparse_idat.h"/>
        <file name="src/VLIB_haarDetectObjectsSparse//c64P/VLIB_haarDetectObjectsSparse.h"/>
        <file name="src/VLIB_haarDetectObjectsSparse//c64P//VLIB_haarDetectObjectsSparse_674_LE_ELF"/>
        <file name="src/VLIB_hammingDistance//c64P//VLIB_hammingDistance_674_LE_COFF"/>
        <file name="src/VLIB_hammingDistance/VLIB_hammingDistance.h"/>
        <file name="src/VLIB_hammingDistance/VLIB_hammingDistance_cn.h"/>
        <file name="src/VLIB_hammingDistance/VLIB_hammingDistance_d.c"/>
        <file name="src/VLIB_hammingDistance/VLIB_hammingDistance_idat.c"/>
        <file name="src/VLIB_hammingDistance/VLIB_hammingDistance_idat.h"/>
        <file name="src/VLIB_hammingDistance//c64P/VLIB_hammingDistance.h"/>
        <file name="src/VLIB_hammingDistance//c64P//VLIB_hammingDistance_674_LE_ELF"/>
        <file name="src/VLIB_harrisScore_7x7//c64P//VLIB_harrisScore_7x7_674_LE_COFF"/>
        <file name="src/VLIB_harrisScore_7x7/VLIB_harrisScore_7x7.h"/>
        <file name="src/VLIB_harrisScore_7x7/VLIB_harrisScore_7x7_cn.h"/>
        <file name="src/VLIB_harrisScore_7x7/VLIB_harrisScore_7x7_d.c"/>
        <file name="src/VLIB_harrisScore_7x7/VLIB_harrisScore_7x7_idat.c"/>
        <file name="src/VLIB_harrisScore_7x7/VLIB_harrisScore_7x7_idat.h"/>
        <file name="src/VLIB_harrisScore_7x7//c64P/VLIB_harrisScore_7x7.h"/>
        <file name="src/VLIB_harrisScore_7x7//c64P//VLIB_harrisScore_7x7_674_LE_ELF"/>
        <file name="src/VLIB_harrisScore_7x7_S32//c64P//VLIB_harrisScore_7x7_S32_674_LE_COFF"/>
        <file name="src/VLIB_harrisScore_7x7_S32/VLIB_harrisScore_7x7_S32.h"/>
        <file name="src/VLIB_harrisScore_7x7_S32/VLIB_harrisScore_7x7_S32_cn.h"/>
        <file name="src/VLIB_harrisScore_7x7_S32/VLIB_harrisScore_7x7_S32_d.c"/>
        <file name="src/VLIB_harrisScore_7x7_S32/VLIB_harrisScore_7x7_S32_idat.c"/>
        <file name="src/VLIB_harrisScore_7x7_S32/VLIB_harrisScore_7x7_S32_idat.h"/>
        <file name="src/VLIB_harrisScore_7x7_S32//c64P/VLIB_harrisScore_7x7_S32.h"/>
        <file name="src/VLIB_harrisScore_7x7_S32//c64P//VLIB_harrisScore_7x7_S32_674_LE_ELF"/>
        <file name="src/VLIB_histogram_1D_Init_U16//c64P//VLIB_histogram_1D_Init_U16_674_LE_COFF"/>
        <file name="src/VLIB_histogram_1D_Init_U16/VLIB_histogram_1D_Init_U16.h"/>
        <file name="src/VLIB_histogram_1D_Init_U16/VLIB_histogram_1D_Init_U16_cn.h"/>
        <file name="src/VLIB_histogram_1D_Init_U16/VLIB_histogram_1D_Init_U16_d.c"/>
        <file name="src/VLIB_histogram_1D_Init_U16/VLIB_histogram_1D_Init_U16_idat.c"/>
        <file name="src/VLIB_histogram_1D_Init_U16/VLIB_histogram_1D_Init_U16_idat.h"/>
        <file name="src/VLIB_histogram_1D_Init_U16//c64P/VLIB_histogram_1D_Init_U16.h"/>
        <file name="src/VLIB_histogram_1D_Init_U16//c64P//VLIB_histogram_1D_Init_U16_674_LE_ELF"/>
        <file name="src/VLIB_histogram_1D_Init_U8//c64P//VLIB_histogram_1D_Init_U8_674_LE_COFF"/>
        <file name="src/VLIB_histogram_1D_Init_U8/VLIB_histogram_1D_Init_U8.h"/>
        <file name="src/VLIB_histogram_1D_Init_U8/VLIB_histogram_1D_Init_U8_cn.h"/>
        <file name="src/VLIB_histogram_1D_Init_U8/VLIB_histogram_1D_Init_U8_d.c"/>
        <file name="src/VLIB_histogram_1D_Init_U8/VLIB_histogram_1D_Init_U8_idat.c"/>
        <file name="src/VLIB_histogram_1D_Init_U8/VLIB_histogram_1D_Init_U8_idat.h"/>
        <file name="src/VLIB_histogram_1D_Init_U8//c64P/VLIB_histogram_1D_Init_U8.h"/>
        <file name="src/VLIB_histogram_1D_Init_U8//c64P//VLIB_histogram_1D_Init_U8_674_LE_ELF"/>
        <file name="src/VLIB_histogram_1D_U16//c64P//VLIB_histogram_1D_U16_674_LE_COFF"/>
        <file name="src/VLIB_histogram_1D_U16/VLIB_histogram_1D_U16.h"/>
        <file name="src/VLIB_histogram_1D_U16/VLIB_histogram_1D_U16_cn.h"/>
        <file name="src/VLIB_histogram_1D_U16/VLIB_histogram_1D_U16_d.c"/>
        <file name="src/VLIB_histogram_1D_U16/VLIB_histogram_1D_U16_idat.c"/>
        <file name="src/VLIB_histogram_1D_U16/VLIB_histogram_1D_U16_idat.h"/>
        <file name="src/VLIB_histogram_1D_U16//c64P/VLIB_histogram_1D_U16.h"/>
        <file name="src/VLIB_histogram_1D_U16//c64P//VLIB_histogram_1D_U16_674_LE_ELF"/>
        <file name="src/VLIB_histogram_1D_U8//c64P//VLIB_histogram_1D_U8_674_LE_COFF"/>
        <file name="src/VLIB_histogram_1D_U8/VLIB_histogram_1D_U8.h"/>
        <file name="src/VLIB_histogram_1D_U8/VLIB_histogram_1D_U8_cn.h"/>
        <file name="src/VLIB_histogram_1D_U8/VLIB_histogram_1D_U8_d.c"/>
        <file name="src/VLIB_histogram_1D_U8/VLIB_histogram_1D_U8_idat.c"/>
        <file name="src/VLIB_histogram_1D_U8/VLIB_histogram_1D_U8_idat.h"/>
        <file name="src/VLIB_histogram_1D_U8//c64P/VLIB_histogram_1D_U8.h"/>
        <file name="src/VLIB_histogram_1D_U8//c64P//VLIB_histogram_1D_U8_674_LE_ELF"/>
        <file name="src/VLIB_histogram_equal_8//c64P//VLIB_histogram_equal_8_674_LE_COFF"/>
        <file name="src/VLIB_histogram_equal_8/VLIB_histogram_equal_8.h"/>
        <file name="src/VLIB_histogram_equal_8/VLIB_histogram_equal_8_cn.h"/>
        <file name="src/VLIB_histogram_equal_8/VLIB_histogram_equal_8_d.c"/>
        <file name="src/VLIB_histogram_equal_8/VLIB_histogram_equal_8_idat.c"/>
        <file name="src/VLIB_histogram_equal_8/VLIB_histogram_equal_8_idat.h"/>
        <file name="src/VLIB_histogram_equal_8//c64P/VLIB_histogram_equal_8.h"/>
        <file name="src/VLIB_histogram_equal_8//c64P//VLIB_histogram_equal_8_674_LE_ELF"/>
        <file name="src/VLIB_histogram_nD_U16//c64P//VLIB_histogram_nD_U16_674_LE_COFF"/>
        <file name="src/VLIB_histogram_nD_U16/VLIB_histogram_nD_U16.h"/>
        <file name="src/VLIB_histogram_nD_U16/VLIB_histogram_nD_U16_cn.h"/>
        <file name="src/VLIB_histogram_nD_U16/VLIB_histogram_nD_U16_d.c"/>
        <file name="src/VLIB_histogram_nD_U16/VLIB_histogram_nD_U16_idat.c"/>
        <file name="src/VLIB_histogram_nD_U16/VLIB_histogram_nD_U16_idat.h"/>
        <file name="src/VLIB_histogram_nD_U16//c64P/VLIB_histogram_nD_U16.h"/>
        <file name="src/VLIB_histogram_nD_U16//c64P//VLIB_histogram_nD_U16_674_LE_ELF"/>
        <file name="src/VLIB_houghLineFromList//c64P//VLIB_houghLineFromList_674_LE_COFF"/>
        <file name="src/VLIB_houghLineFromList/VLIB_houghLineFromList.h"/>
        <file name="src/VLIB_houghLineFromList/VLIB_houghLineFromList_cn.h"/>
        <file name="src/VLIB_houghLineFromList/VLIB_houghLineFromList_d.c"/>
        <file name="src/VLIB_houghLineFromList/VLIB_houghLineFromList_idat.c"/>
        <file name="src/VLIB_houghLineFromList/VLIB_houghLineFromList_idat.h"/>
        <file name="src/VLIB_houghLineFromList//c64P/VLIB_houghLineFromList.h"/>
        <file name="src/VLIB_houghLineFromList//c64P//VLIB_houghLineFromList_674_LE_ELF"/>
        <file name="src/VLIB_hysteresisThresholding//c64P//VLIB_hysteresisThresholding_674_LE_COFF"/>
        <file name="src/VLIB_hysteresisThresholding/VLIB_hysteresisThresholding.h"/>
        <file name="src/VLIB_hysteresisThresholding/VLIB_hysteresisThresholding_cn.h"/>
        <file name="src/VLIB_hysteresisThresholding/VLIB_hysteresisThresholding_d.c"/>
        <file name="src/VLIB_hysteresisThresholding/VLIB_hysteresisThresholding_idat.c"/>
        <file name="src/VLIB_hysteresisThresholding/VLIB_hysteresisThresholding_idat.h"/>
        <file name="src/VLIB_hysteresisThresholding//c64P/VLIB_hysteresisThresholding.h"/>
        <file name="src/VLIB_hysteresisThresholding//c64P//VLIB_hysteresisThresholding_674_LE_ELF"/>
        <file name="src/VLIB_imagePyramid16//c64P//VLIB_imagePyramid16_674_LE_COFF"/>
        <file name="src/VLIB_imagePyramid16/VLIB_imagePyramid16.h"/>
        <file name="src/VLIB_imagePyramid16/VLIB_imagePyramid16_cn.h"/>
        <file name="src/VLIB_imagePyramid16/VLIB_imagePyramid16_d.c"/>
        <file name="src/VLIB_imagePyramid16/VLIB_imagePyramid16_idat.c"/>
        <file name="src/VLIB_imagePyramid16/VLIB_imagePyramid16_idat.h"/>
        <file name="src/VLIB_imagePyramid16//c64P/VLIB_imagePyramid16.h"/>
        <file name="src/VLIB_imagePyramid16//c64P//VLIB_imagePyramid16_674_LE_ELF"/>
        <file name="src/VLIB_imagePyramid8//c64P//VLIB_imagePyramid8_674_LE_COFF"/>
        <file name="src/VLIB_imagePyramid8/VLIB_imagePyramid8.h"/>
        <file name="src/VLIB_imagePyramid8/VLIB_imagePyramid8_cn.h"/>
        <file name="src/VLIB_imagePyramid8/VLIB_imagePyramid8_d.c"/>
        <file name="src/VLIB_imagePyramid8/VLIB_imagePyramid8_idat.c"/>
        <file name="src/VLIB_imagePyramid8/VLIB_imagePyramid8_idat.h"/>
        <file name="src/VLIB_imagePyramid8//c64P/VLIB_imagePyramid8.h"/>
        <file name="src/VLIB_imagePyramid8//c64P//VLIB_imagePyramid8_674_LE_ELF"/>
        <file name="src/VLIB_image_rescale//c64P//VLIB_image_rescale_674_LE_COFF"/>
        <file name="src/VLIB_image_rescale/VLIB_image_rescale.h"/>
        <file name="src/VLIB_image_rescale/VLIB_image_rescale_cn.h"/>
        <file name="src/VLIB_image_rescale/VLIB_image_rescale_d.c"/>
        <file name="src/VLIB_image_rescale/VLIB_image_rescale_idat.c"/>
        <file name="src/VLIB_image_rescale/VLIB_image_rescale_idat.h"/>
        <file name="src/VLIB_image_rescale/VLIB_image_rescale_types.h"/>
        <file name="src/VLIB_image_rescale//c64P/VLIB_image_rescale.h"/>
        <file name="src/VLIB_image_rescale//c64P//VLIB_image_rescale_674_LE_ELF"/>
        <file name="src/VLIB_initMeanWithLumaS16//c64P//VLIB_initMeanWithLumaS16_674_LE_COFF"/>
        <file name="src/VLIB_initMeanWithLumaS16/VLIB_initMeanWithLumaS16.h"/>
        <file name="src/VLIB_initMeanWithLumaS16/VLIB_initMeanWithLumaS16_cn.h"/>
        <file name="src/VLIB_initMeanWithLumaS16/VLIB_initMeanWithLumaS16_d.c"/>
        <file name="src/VLIB_initMeanWithLumaS16/VLIB_initMeanWithLumaS16_idat.c"/>
        <file name="src/VLIB_initMeanWithLumaS16/VLIB_initMeanWithLumaS16_idat.h"/>
        <file name="src/VLIB_initMeanWithLumaS16//c64P/VLIB_initMeanWithLumaS16.h"/>
        <file name="src/VLIB_initMeanWithLumaS16//c64P//VLIB_initMeanWithLumaS16_674_LE_ELF"/>
        <file name="src/VLIB_initMeanWithLumaS32//c64P//VLIB_initMeanWithLumaS32_674_LE_COFF"/>
        <file name="src/VLIB_initMeanWithLumaS32/VLIB_initMeanWithLumaS32.h"/>
        <file name="src/VLIB_initMeanWithLumaS32/VLIB_initMeanWithLumaS32_cn.h"/>
        <file name="src/VLIB_initMeanWithLumaS32/VLIB_initMeanWithLumaS32_d.c"/>
        <file name="src/VLIB_initMeanWithLumaS32/VLIB_initMeanWithLumaS32_idat.c"/>
        <file name="src/VLIB_initMeanWithLumaS32/VLIB_initMeanWithLumaS32_idat.h"/>
        <file name="src/VLIB_initMeanWithLumaS32//c64P/VLIB_initMeanWithLumaS32.h"/>
        <file name="src/VLIB_initMeanWithLumaS32//c64P//VLIB_initMeanWithLumaS32_674_LE_ELF"/>
        <file name="src/VLIB_initUYVYint_to_LABpl_LUT//c64P//VLIB_initUYVYint_to_LABpl_LUT_674_LE_COFF"/>
        <file name="src/VLIB_initUYVYint_to_LABpl_LUT/VLIB_initUYVYint_to_LABpl_LUT.h"/>
        <file name="src/VLIB_initUYVYint_to_LABpl_LUT/VLIB_initUYVYint_to_LABpl_LUT_cn.h"/>
        <file name="src/VLIB_initUYVYint_to_LABpl_LUT/VLIB_initUYVYint_to_LABpl_LUT_d.c"/>
        <file name="src/VLIB_initUYVYint_to_LABpl_LUT/VLIB_initUYVYint_to_LABpl_LUT_idat.c"/>
        <file name="src/VLIB_initUYVYint_to_LABpl_LUT/VLIB_initUYVYint_to_LABpl_LUT_idat.h"/>
        <file name="src/VLIB_initUYVYint_to_LABpl_LUT//c64P/VLIB_initUYVYint_to_LABpl_LUT.h"/>
        <file name="src/VLIB_initUYVYint_to_LABpl_LUT//c64P//VLIB_initUYVYint_to_LABpl_LUT_674_LE_ELF"/>
        <file name="src/VLIB_initVarWithConstS16//c64P//VLIB_initVarWithConstS16_674_LE_COFF"/>
        <file name="src/VLIB_initVarWithConstS16/VLIB_initVarWithConstS16.h"/>
        <file name="src/VLIB_initVarWithConstS16/VLIB_initVarWithConstS16_cn.h"/>
        <file name="src/VLIB_initVarWithConstS16/VLIB_initVarWithConstS16_d.c"/>
        <file name="src/VLIB_initVarWithConstS16/VLIB_initVarWithConstS16_idat.c"/>
        <file name="src/VLIB_initVarWithConstS16/VLIB_initVarWithConstS16_idat.h"/>
        <file name="src/VLIB_initVarWithConstS16//c64P/VLIB_initVarWithConstS16.h"/>
        <file name="src/VLIB_initVarWithConstS16//c64P//VLIB_initVarWithConstS16_674_LE_ELF"/>
        <file name="src/VLIB_initVarWithConstS32//c64P//VLIB_initVarWithConstS32_674_LE_COFF"/>
        <file name="src/VLIB_initVarWithConstS32/VLIB_initVarWithConstS32.h"/>
        <file name="src/VLIB_initVarWithConstS32/VLIB_initVarWithConstS32_cn.h"/>
        <file name="src/VLIB_initVarWithConstS32/VLIB_initVarWithConstS32_d.c"/>
        <file name="src/VLIB_initVarWithConstS32/VLIB_initVarWithConstS32_idat.c"/>
        <file name="src/VLIB_initVarWithConstS32/VLIB_initVarWithConstS32_idat.h"/>
        <file name="src/VLIB_initVarWithConstS32//c64P/VLIB_initVarWithConstS32.h"/>
        <file name="src/VLIB_initVarWithConstS32//c64P//VLIB_initVarWithConstS32_674_LE_ELF"/>
        <file name="src/VLIB_insertLumaIntoYUYV//c64P//VLIB_insertLumaIntoYUYV_674_LE_COFF"/>
        <file name="src/VLIB_insertLumaIntoYUYV/VLIB_insertLumaIntoYUYV.h"/>
        <file name="src/VLIB_insertLumaIntoYUYV/VLIB_insertLumaIntoYUYV_cn.h"/>
        <file name="src/VLIB_insertLumaIntoYUYV/VLIB_insertLumaIntoYUYV_d.c"/>
        <file name="src/VLIB_insertLumaIntoYUYV/VLIB_insertLumaIntoYUYV_idat.c"/>
        <file name="src/VLIB_insertLumaIntoYUYV/VLIB_insertLumaIntoYUYV_idat.h"/>
        <file name="src/VLIB_insertLumaIntoYUYV//c64P/VLIB_insertLumaIntoYUYV.h"/>
        <file name="src/VLIB_insertLumaIntoYUYV//c64P//VLIB_insertLumaIntoYUYV_674_LE_ELF"/>
        <file name="src/VLIB_integralImage16//c64P//VLIB_integralImage16_674_LE_COFF"/>
        <file name="src/VLIB_integralImage16/VLIB_integralImage16.h"/>
        <file name="src/VLIB_integralImage16/VLIB_integralImage16_cn.h"/>
        <file name="src/VLIB_integralImage16/VLIB_integralImage16_d.c"/>
        <file name="src/VLIB_integralImage16/VLIB_integralImage16_idat.c"/>
        <file name="src/VLIB_integralImage16/VLIB_integralImage16_idat.h"/>
        <file name="src/VLIB_integralImage16//c64P/VLIB_integralImage16.h"/>
        <file name="src/VLIB_integralImage16//c64P//VLIB_integralImage16_674_LE_ELF"/>
        <file name="src/VLIB_integralImage8//c64P//VLIB_integralImage8_674_LE_COFF"/>
        <file name="src/VLIB_integralImage8/VLIB_integralImage8.h"/>
        <file name="src/VLIB_integralImage8/VLIB_integralImage8_cn.h"/>
        <file name="src/VLIB_integralImage8/VLIB_integralImage8_d.c"/>
        <file name="src/VLIB_integralImage8/VLIB_integralImage8_idat.c"/>
        <file name="src/VLIB_integralImage8/VLIB_integralImage8_idat.h"/>
        <file name="src/VLIB_integralImage8//c64P/VLIB_integralImage8.h"/>
        <file name="src/VLIB_integralImage8//c64P//VLIB_integralImage8_674_LE_ELF"/>
        <file name="src/VLIB_kalmanFilter_2x4_Correct//c64P//VLIB_kalmanFilter_2x4_Correct_674_LE_COFF"/>
        <file name="src/VLIB_kalmanFilter_2x4_Correct/VLIB_kalmanFilter_2x4_Correct.h"/>
        <file name="src/VLIB_kalmanFilter_2x4_Correct/VLIB_kalmanFilter_2x4_Correct_cn.h"/>
        <file name="src/VLIB_kalmanFilter_2x4_Correct/VLIB_kalmanFilter_2x4_Correct_d.c"/>
        <file name="src/VLIB_kalmanFilter_2x4_Correct/VLIB_kalmanFilter_2x4_Correct_idat.c"/>
        <file name="src/VLIB_kalmanFilter_2x4_Correct/VLIB_kalmanFilter_2x4_Correct_idat.h"/>
        <file name="src/VLIB_kalmanFilter_2x4_Correct//c64P/VLIB_kalmanFilter_2x4_Correct.h"/>
        <file name="src/VLIB_kalmanFilter_2x4_Correct//c64P//VLIB_kalmanFilter_2x4_Correct_674_LE_ELF"/>
        <file name="src/VLIB_kalmanFilter_2x4_Predict//c64P//VLIB_kalmanFilter_2x4_Predict_674_LE_COFF"/>
        <file name="src/VLIB_kalmanFilter_2x4_Predict/VLIB_kalmanFilter_2x4_Predict.h"/>
        <file name="src/VLIB_kalmanFilter_2x4_Predict/VLIB_kalmanFilter_2x4_Predict_cn.h"/>
        <file name="src/VLIB_kalmanFilter_2x4_Predict/VLIB_kalmanFilter_2x4_Predict_d.c"/>
        <file name="src/VLIB_kalmanFilter_2x4_Predict/VLIB_kalmanFilter_2x4_Predict_idat.c"/>
        <file name="src/VLIB_kalmanFilter_2x4_Predict/VLIB_kalmanFilter_2x4_Predict_idat.h"/>
        <file name="src/VLIB_kalmanFilter_2x4_Predict//c64P/VLIB_kalmanFilter_2x4_Predict.h"/>
        <file name="src/VLIB_kalmanFilter_2x4_Predict//c64P//VLIB_kalmanFilter_2x4_Predict_674_LE_ELF"/>
        <file name="src/VLIB_kalmanFilter_4x6_Correct//c64P//VLIB_kalmanFilter_4x6_Correct_674_LE_COFF"/>
        <file name="src/VLIB_kalmanFilter_4x6_Correct/VLIB_kalmanFilter_4x6_Correct.h"/>
        <file name="src/VLIB_kalmanFilter_4x6_Correct/VLIB_kalmanFilter_4x6_Correct_cn.h"/>
        <file name="src/VLIB_kalmanFilter_4x6_Correct/VLIB_kalmanFilter_4x6_Correct_d.c"/>
        <file name="src/VLIB_kalmanFilter_4x6_Correct/VLIB_kalmanFilter_4x6_Correct_idat.c"/>
        <file name="src/VLIB_kalmanFilter_4x6_Correct/VLIB_kalmanFilter_4x6_Correct_idat.h"/>
        <file name="src/VLIB_kalmanFilter_4x6_Correct//c64P/VLIB_kalmanFilter_4x6_Correct.h"/>
        <file name="src/VLIB_kalmanFilter_4x6_Correct//c64P//VLIB_kalmanFilter_4x6_Correct_674_LE_ELF"/>
        <file name="src/VLIB_kalmanFilter_4x6_Predict//c64P//VLIB_kalmanFilter_4x6_Predict_674_LE_COFF"/>
        <file name="src/VLIB_kalmanFilter_4x6_Predict/VLIB_kalmanFilter_4x6_Predict.h"/>
        <file name="src/VLIB_kalmanFilter_4x6_Predict/VLIB_kalmanFilter_4x6_Predict_cn.h"/>
        <file name="src/VLIB_kalmanFilter_4x6_Predict/VLIB_kalmanFilter_4x6_Predict_d.c"/>
        <file name="src/VLIB_kalmanFilter_4x6_Predict/VLIB_kalmanFilter_4x6_Predict_idat.c"/>
        <file name="src/VLIB_kalmanFilter_4x6_Predict/VLIB_kalmanFilter_4x6_Predict_idat.h"/>
        <file name="src/VLIB_kalmanFilter_4x6_Predict//c64P/VLIB_kalmanFilter_4x6_Predict.h"/>
        <file name="src/VLIB_kalmanFilter_4x6_Predict//c64P//VLIB_kalmanFilter_4x6_Predict_674_LE_ELF"/>
        <file name="src/VLIB_L1DistanceS16//c64P//VLIB_L1DistanceS16_674_LE_COFF"/>
        <file name="src/VLIB_L1DistanceS16/VLIB_L1DistanceS16.h"/>
        <file name="src/VLIB_L1DistanceS16/VLIB_L1DistanceS16_cn.h"/>
        <file name="src/VLIB_L1DistanceS16/VLIB_L1DistanceS16_d.c"/>
        <file name="src/VLIB_L1DistanceS16/VLIB_L1DistanceS16_idat.c"/>
        <file name="src/VLIB_L1DistanceS16/VLIB_L1DistanceS16_idat.h"/>
        <file name="src/VLIB_L1DistanceS16//c64P/VLIB_L1DistanceS16.h"/>
        <file name="src/VLIB_L1DistanceS16//c64P//VLIB_L1DistanceS16_674_LE_ELF"/>
        <file name="src/VLIB_legendreMoments//c64P//VLIB_legendreMoments_674_LE_COFF"/>
        <file name="src/VLIB_legendreMoments/VLIB_legendreMoments.h"/>
        <file name="src/VLIB_legendreMoments/VLIB_legendreMoments_cn.h"/>
        <file name="src/VLIB_legendreMoments/VLIB_legendreMoments_d.c"/>
        <file name="src/VLIB_legendreMoments/VLIB_legendreMoments_idat.c"/>
        <file name="src/VLIB_legendreMoments/VLIB_legendreMoments_idat.h"/>
        <file name="src/VLIB_legendreMoments//c64P/VLIB_legendreMoments.h"/>
        <file name="src/VLIB_legendreMoments//c64P//VLIB_legendreMoments_674_LE_ELF"/>
        <file name="src/VLIB_legendreMoments_Init//c64P//VLIB_legendreMoments_Init_674_LE_COFF"/>
        <file name="src/VLIB_legendreMoments_Init/VLIB_legendreMoments_Init.h"/>
        <file name="src/VLIB_legendreMoments_Init/VLIB_legendreMoments_Init_cn.h"/>
        <file name="src/VLIB_legendreMoments_Init/VLIB_legendreMoments_Init_d.c"/>
        <file name="src/VLIB_legendreMoments_Init/VLIB_legendreMoments_Init_idat.c"/>
        <file name="src/VLIB_legendreMoments_Init/VLIB_legendreMoments_Init_idat.h"/>
        <file name="src/VLIB_legendreMoments_Init//c64P/VLIB_legendreMoments_Init.h"/>
        <file name="src/VLIB_legendreMoments_Init//c64P//VLIB_legendreMoments_Init_674_LE_ELF"/>
        <file name="src/VLIB_mixtureOfGaussiansS16//c64P//VLIB_mixtureOfGaussiansS16_674_LE_COFF"/>
        <file name="src/VLIB_mixtureOfGaussiansS16/VLIB_mixtureOfGaussiansS16.h"/>
        <file name="src/VLIB_mixtureOfGaussiansS16/VLIB_mixtureOfGaussiansS16_cn.h"/>
        <file name="src/VLIB_mixtureOfGaussiansS16/VLIB_mixtureOfGaussiansS16_d.c"/>
        <file name="src/VLIB_mixtureOfGaussiansS16/VLIB_mixtureOfGaussiansS16_idat.c"/>
        <file name="src/VLIB_mixtureOfGaussiansS16/VLIB_mixtureOfGaussiansS16_idat.h"/>
        <file name="src/VLIB_mixtureOfGaussiansS16/VLIB_MOG_1Ch_16_cn.h"/>
        <file name="src/VLIB_mixtureOfGaussiansS16//c64P/VLIB_mixtureOfGaussiansS16.h"/>
        <file name="src/VLIB_mixtureOfGaussiansS16//c64P/VLIB_MOG_1Ch_16.h"/>
        <file name="src/VLIB_mixtureOfGaussiansS16//c64P//VLIB_mixtureOfGaussiansS16_674_LE_ELF"/>
        <file name="src/VLIB_mixtureOfGaussiansS32//c64P//VLIB_mixtureOfGaussiansS32_674_LE_COFF"/>
        <file name="src/VLIB_mixtureOfGaussiansS32/VLIB_mixtureOfGaussiansS32.h"/>
        <file name="src/VLIB_mixtureOfGaussiansS32/VLIB_mixtureOfGaussiansS32_cn.h"/>
        <file name="src/VLIB_mixtureOfGaussiansS32/VLIB_mixtureOfGaussiansS32_d.c"/>
        <file name="src/VLIB_mixtureOfGaussiansS32/VLIB_mixtureOfGaussiansS32_idat.c"/>
        <file name="src/VLIB_mixtureOfGaussiansS32/VLIB_mixtureOfGaussiansS32_idat.h"/>
        <file name="src/VLIB_mixtureOfGaussiansS32/VLIB_MOG_1Ch_32_cn.h"/>
        <file name="src/VLIB_mixtureOfGaussiansS32//c64P/VLIB_mixtureOfGaussiansS32.h"/>
        <file name="src/VLIB_mixtureOfGaussiansS32//c64P/VLIB_MOG_1Ch_32.h"/>
        <file name="src/VLIB_mixtureOfGaussiansS32//c64P//VLIB_mixtureOfGaussiansS32_674_LE_ELF"/>
        <file name="src/VLIB_nonMaxSuppress_3x3_S16//c64P//VLIB_nonMaxSuppress_3x3_S16_674_LE_COFF"/>
        <file name="src/VLIB_nonMaxSuppress_3x3_S16/VLIB_nonMaxSuppress_3x3_S16.h"/>
        <file name="src/VLIB_nonMaxSuppress_3x3_S16/VLIB_nonMaxSuppress_3x3_S16_cn.h"/>
        <file name="src/VLIB_nonMaxSuppress_3x3_S16/VLIB_nonMaxSuppress_3x3_S16_d.c"/>
        <file name="src/VLIB_nonMaxSuppress_3x3_S16/VLIB_nonMaxSuppress_3x3_S16_idat.c"/>
        <file name="src/VLIB_nonMaxSuppress_3x3_S16/VLIB_nonMaxSuppress_3x3_S16_idat.h"/>
        <file name="src/VLIB_nonMaxSuppress_3x3_S16//c64P/VLIB_nonMaxSuppress_3x3_S16.h"/>
        <file name="src/VLIB_nonMaxSuppress_3x3_S16//c64P//VLIB_nonMaxSuppress_3x3_S16_674_LE_ELF"/>
        <file name="src/VLIB_nonMaxSuppress_5x5_S16//c64P//VLIB_nonMaxSuppress_5x5_S16_674_LE_COFF"/>
        <file name="src/VLIB_nonMaxSuppress_5x5_S16/VLIB_nonMaxSuppress_5x5_S16.h"/>
        <file name="src/VLIB_nonMaxSuppress_5x5_S16/VLIB_nonMaxSuppress_5x5_S16_cn.h"/>
        <file name="src/VLIB_nonMaxSuppress_5x5_S16/VLIB_nonMaxSuppress_5x5_S16_d.c"/>
        <file name="src/VLIB_nonMaxSuppress_5x5_S16/VLIB_nonMaxSuppress_5x5_S16_idat.c"/>
        <file name="src/VLIB_nonMaxSuppress_5x5_S16/VLIB_nonMaxSuppress_5x5_S16_idat.h"/>
        <file name="src/VLIB_nonMaxSuppress_5x5_S16//c64P/VLIB_nonMaxSuppress_5x5_S16.h"/>
        <file name="src/VLIB_nonMaxSuppress_5x5_S16//c64P//VLIB_nonMaxSuppress_5x5_S16_674_LE_ELF"/>
        <file name="src/VLIB_nonMaxSuppress_7x7_S16//c64P//VLIB_nonMaxSuppress_7x7_S16_674_LE_COFF"/>
        <file name="src/VLIB_nonMaxSuppress_7x7_S16/VLIB_nonMaxSuppress_7x7_S16.h"/>
        <file name="src/VLIB_nonMaxSuppress_7x7_S16/VLIB_nonMaxSuppress_7x7_S16_cn.h"/>
        <file name="src/VLIB_nonMaxSuppress_7x7_S16/VLIB_nonMaxSuppress_7x7_S16_d.c"/>
        <file name="src/VLIB_nonMaxSuppress_7x7_S16/VLIB_nonMaxSuppress_7x7_S16_idat.c"/>
        <file name="src/VLIB_nonMaxSuppress_7x7_S16/VLIB_nonMaxSuppress_7x7_S16_idat.h"/>
        <file name="src/VLIB_nonMaxSuppress_7x7_S16//c64P/VLIB_nonMaxSuppress_7x7_S16.h"/>
        <file name="src/VLIB_nonMaxSuppress_7x7_S16//c64P//VLIB_nonMaxSuppress_7x7_S16_674_LE_ELF"/>
        <file name="src/VLIB_nonMaxSuppress_U16//c64P//VLIB_nonMaxSuppress_U16_674_LE_COFF"/>
        <file name="src/VLIB_nonMaxSuppress_U16/VLIB_nonMaxSuppress_U16.h"/>
        <file name="src/VLIB_nonMaxSuppress_U16/VLIB_nonMaxSuppress_U16_cn.h"/>
        <file name="src/VLIB_nonMaxSuppress_U16/VLIB_nonMaxSuppress_U16_d.c"/>
        <file name="src/VLIB_nonMaxSuppress_U16/VLIB_nonMaxSuppress_U16_idat.c"/>
        <file name="src/VLIB_nonMaxSuppress_U16/VLIB_nonMaxSuppress_U16_idat.h"/>
        <file name="src/VLIB_nonMaxSuppress_U16//c64P/VLIB_nonMaxSuppress_U16.h"/>
        <file name="src/VLIB_nonMaxSuppress_U16//c64P//VLIB_nonMaxSuppress_U16_674_LE_ELF"/>
        <file name="src/VLIB_nonMaxSuppress_U32//c64P//VLIB_nonMaxSuppress_U32_674_LE_COFF"/>
        <file name="src/VLIB_nonMaxSuppress_U32/VLIB_nonMaxSuppress_U32.h"/>
        <file name="src/VLIB_nonMaxSuppress_U32/VLIB_nonMaxSuppress_U32_cn.h"/>
        <file name="src/VLIB_nonMaxSuppress_U32/VLIB_nonMaxSuppress_U32_d.c"/>
        <file name="src/VLIB_nonMaxSuppress_U32/VLIB_nonMaxSuppress_U32_idat.c"/>
        <file name="src/VLIB_nonMaxSuppress_U32/VLIB_nonMaxSuppress_U32_idat.h"/>
        <file name="src/VLIB_nonMaxSuppress_U32//c64P/VLIB_nonMaxSuppress_U32.h"/>
        <file name="src/VLIB_nonMaxSuppress_U32//c64P//VLIB_nonMaxSuppress_U32_674_LE_ELF"/>
        <file name="src/VLIB_normalFlow_16//c64P//VLIB_normalFlow_16_674_LE_COFF"/>
        <file name="src/VLIB_normalFlow_16/VLIB_normalFlow_16.h"/>
        <file name="src/VLIB_normalFlow_16/VLIB_normalFlow_16_cn.h"/>
        <file name="src/VLIB_normalFlow_16/VLIB_normalFlow_16_d.c"/>
        <file name="src/VLIB_normalFlow_16/VLIB_normalFlow_16_idat.c"/>
        <file name="src/VLIB_normalFlow_16/VLIB_normalFlow_16_idat.h"/>
        <file name="src/VLIB_normalFlow_16//c64P/VLIB_normalFlow_16.h"/>
        <file name="src/VLIB_normalFlow_16//c64P//VLIB_normalFlow_16_674_LE_ELF"/>
        <file name="src/VLIB_ORB_bestFeaturesToFront//c64P//VLIB_ORB_bestFeaturesToFront_674_LE_COFF"/>
        <file name="src/VLIB_ORB_bestFeaturesToFront/VLIB_ORB_bestFeaturesToFront.h"/>
        <file name="src/VLIB_ORB_bestFeaturesToFront/VLIB_ORB_bestFeaturesToFront_cn.h"/>
        <file name="src/VLIB_ORB_bestFeaturesToFront/VLIB_ORB_bestFeaturesToFront_d.c"/>
        <file name="src/VLIB_ORB_bestFeaturesToFront/VLIB_ORB_bestFeaturesToFront_idat.c"/>
        <file name="src/VLIB_ORB_bestFeaturesToFront/VLIB_ORB_bestFeaturesToFront_idat.h"/>
        <file name="src/VLIB_ORB_bestFeaturesToFront//c64P/VLIB_ORB_bestFeaturesToFront.h"/>
        <file name="src/VLIB_ORB_bestFeaturesToFront//c64P//VLIB_ORB_bestFeaturesToFront_674_LE_ELF"/>
        <file name="src/VLIB_ORB_computeOrientation//c64P//VLIB_ORB_computeOrientation_674_LE_COFF"/>
        <file name="src/VLIB_ORB_computeOrientation/VLIB_ORB_computeOrientation.h"/>
        <file name="src/VLIB_ORB_computeOrientation/VLIB_ORB_computeOrientation_cn.h"/>
        <file name="src/VLIB_ORB_computeOrientation/VLIB_ORB_computeOrientation_d.c"/>
        <file name="src/VLIB_ORB_computeOrientation/VLIB_ORB_computeOrientation_idat.c"/>
        <file name="src/VLIB_ORB_computeOrientation/VLIB_ORB_computeOrientation_idat.h"/>
        <file name="src/VLIB_ORB_computeOrientation//c64P/VLIB_ORB_computeOrientation.h"/>
        <file name="src/VLIB_ORB_computeOrientation//c64P//VLIB_ORB_computeOrientation_674_LE_ELF"/>
        <file name="src/VLIB_ORB_computeRBrief//c64P//VLIB_ORB_computeRBrief_674_LE_COFF"/>
        <file name="src/VLIB_ORB_computeRBrief/VLIB_ORB_computeRBrief.h"/>
        <file name="src/VLIB_ORB_computeRBrief/VLIB_ORB_computeRBrief_cn.h"/>
        <file name="src/VLIB_ORB_computeRBrief/VLIB_ORB_computeRBrief_d.c"/>
        <file name="src/VLIB_ORB_computeRBrief/VLIB_ORB_computeRBrief_idat.c"/>
        <file name="src/VLIB_ORB_computeRBrief/VLIB_ORB_computeRBrief_idat.h"/>
        <file name="src/VLIB_ORB_computeRBrief//c64P/VLIB_ORB_computeRBrief.h"/>
        <file name="src/VLIB_ORB_computeRBrief//c64P//VLIB_ORB_computeRBrief_674_LE_ELF"/>
        <file name="src/VLIB_ORB_getHarrisScore//c64P//VLIB_ORB_getHarrisScore_674_LE_COFF"/>
        <file name="src/VLIB_ORB_getHarrisScore/VLIB_ORB_getHarrisScore.h"/>
        <file name="src/VLIB_ORB_getHarrisScore/VLIB_ORB_getHarrisScore_cn.h"/>
        <file name="src/VLIB_ORB_getHarrisScore/VLIB_ORB_getHarrisScore_d.c"/>
        <file name="src/VLIB_ORB_getHarrisScore/VLIB_ORB_getHarrisScore_idat.c"/>
        <file name="src/VLIB_ORB_getHarrisScore/VLIB_ORB_getHarrisScore_idat.h"/>
        <file name="src/VLIB_ORB_getHarrisScore//c64P/VLIB_ORB_getHarrisScore.h"/>
        <file name="src/VLIB_ORB_getHarrisScore//c64P//VLIB_ORB_getHarrisScore_674_LE_ELF"/>
        <file name="src/VLIB_originalfast12_detectCorners//c64P//VLIB_originalfast12_detectCorners_674_LE_COFF"/>
        <file name="src/VLIB_originalfast12_detectCorners/VLIB_originalfast12_detectCorners.h"/>
        <file name="src/VLIB_originalfast12_detectCorners/VLIB_originalfast12_detectCorners_cn.h"/>
        <file name="src/VLIB_originalfast12_detectCorners/VLIB_originalfast12_detectCorners_d.c"/>
        <file name="src/VLIB_originalfast12_detectCorners/VLIB_originalfast12_detectCorners_idat.c"/>
        <file name="src/VLIB_originalfast12_detectCorners/VLIB_originalfast12_detectCorners_idat.h"/>
        <file name="src/VLIB_originalfast12_detectCorners//c64P/VLIB_originalfast12_detectCorners.h"/>
        <file name="src/VLIB_originalfast12_detectCorners//c64P//VLIB_originalfast12_detectCorners_674_LE_ELF"/>
        <file name="src/VLIB_originalfast12_score//c64P//VLIB_originalfast12_score_674_LE_COFF"/>
        <file name="src/VLIB_originalfast12_score/VLIB_originalfast12_score.h"/>
        <file name="src/VLIB_originalfast12_score/VLIB_originalfast12_score_cn.h"/>
        <file name="src/VLIB_originalfast12_score/VLIB_originalfast12_score_d.c"/>
        <file name="src/VLIB_originalfast12_score/VLIB_originalfast12_score_idat.c"/>
        <file name="src/VLIB_originalfast12_score/VLIB_originalfast12_score_idat.h"/>
        <file name="src/VLIB_originalfast12_score//c64P/VLIB_originalfast12_score.h"/>
        <file name="src/VLIB_originalfast12_score//c64P//VLIB_originalfast12_score_674_LE_ELF"/>
        <file name="src/VLIB_originalfast9_detectCorners//c64P//VLIB_originalfast9_detectCorners_674_LE_COFF"/>
        <file name="src/VLIB_originalfast9_detectCorners/VLIB_originalfast9_detectCorners.h"/>
        <file name="src/VLIB_originalfast9_detectCorners/VLIB_originalfast9_detectCorners_cn.h"/>
        <file name="src/VLIB_originalfast9_detectCorners/VLIB_originalfast9_detectCorners_d.c"/>
        <file name="src/VLIB_originalfast9_detectCorners/VLIB_originalfast9_detectCorners_idat.c"/>
        <file name="src/VLIB_originalfast9_detectCorners/VLIB_originalfast9_detectCorners_idat.h"/>
        <file name="src/VLIB_originalfast9_detectCorners//c64P/VLIB_originalfast9_detectCorners.h"/>
        <file name="src/VLIB_originalfast9_detectCorners//c64P//VLIB_originalfast9_detectCorners_674_LE_ELF"/>
        <file name="src/VLIB_originalfast9_score//c64P//VLIB_originalfast9_score_674_LE_COFF"/>
        <file name="src/VLIB_originalfast9_score/VLIB_originalfast9_score.h"/>
        <file name="src/VLIB_originalfast9_score/VLIB_originalfast9_score_cn.h"/>
        <file name="src/VLIB_originalfast9_score/VLIB_originalfast9_score_d.c"/>
        <file name="src/VLIB_originalfast9_score/VLIB_originalfast9_score_idat.c"/>
        <file name="src/VLIB_originalfast9_score/VLIB_originalfast9_score_idat.h"/>
        <file name="src/VLIB_originalfast9_score//c64P/VLIB_originalfast9_score.h"/>
        <file name="src/VLIB_originalfast9_score//c64P//VLIB_originalfast9_score_674_LE_ELF"/>
        <file name="src/VLIB_packMask32//c64P//VLIB_packMask32_674_LE_COFF"/>
        <file name="src/VLIB_packMask32/VLIB_packMask32.h"/>
        <file name="src/VLIB_packMask32/VLIB_packMask32_cn.h"/>
        <file name="src/VLIB_packMask32/VLIB_packMask32_d.c"/>
        <file name="src/VLIB_packMask32/VLIB_packMask32_idat.c"/>
        <file name="src/VLIB_packMask32/VLIB_packMask32_idat.h"/>
        <file name="src/VLIB_packMask32//c64P/VLIB_packMask32.h"/>
        <file name="src/VLIB_packMask32//c64P//VLIB_packMask32_674_LE_ELF"/>
        <file name="src/VLIB_recursiveFilterHoriz1stOrderS16//c64P//VLIB_recursiveFilterHoriz1stOrderS16_674_LE_COFF"/>
        <file name="src/VLIB_recursiveFilterHoriz1stOrderS16/VLIB_recursiveFilterHoriz1stOrderS16.h"/>
        <file name="src/VLIB_recursiveFilterHoriz1stOrderS16/VLIB_recursiveFilterHoriz1stOrderS16_cn.h"/>
        <file name="src/VLIB_recursiveFilterHoriz1stOrderS16/VLIB_recursiveFilterHoriz1stOrderS16_d.c"/>
        <file name="src/VLIB_recursiveFilterHoriz1stOrderS16/VLIB_recursiveFilterHoriz1stOrderS16_idat.c"/>
        <file name="src/VLIB_recursiveFilterHoriz1stOrderS16/VLIB_recursiveFilterHoriz1stOrderS16_idat.h"/>
        <file name="src/VLIB_recursiveFilterHoriz1stOrderS16//c64P/VLIB_recursiveFilterHoriz1stOrderS16.h"/>
        <file name="src/VLIB_recursiveFilterHoriz1stOrderS16//c64P//VLIB_recursiveFilterHoriz1stOrderS16_674_LE_ELF"/>
        <file name="src/VLIB_recursiveFilterHoriz1stOrder//c64P//VLIB_recursiveFilterHoriz1stOrder_674_LE_COFF"/>
        <file name="src/VLIB_recursiveFilterHoriz1stOrder/VLIB_recursiveFilterHoriz1stOrder.h"/>
        <file name="src/VLIB_recursiveFilterHoriz1stOrder/VLIB_recursiveFilterHoriz1stOrder_cn.h"/>
        <file name="src/VLIB_recursiveFilterHoriz1stOrder/VLIB_recursiveFilterHoriz1stOrder_d.c"/>
        <file name="src/VLIB_recursiveFilterHoriz1stOrder/VLIB_recursiveFilterHoriz1stOrder_idat.c"/>
        <file name="src/VLIB_recursiveFilterHoriz1stOrder/VLIB_recursiveFilterHoriz1stOrder_idat.h"/>
        <file name="src/VLIB_recursiveFilterHoriz1stOrder//c64P/VLIB_recursiveFilterHoriz1stOrder.h"/>
        <file name="src/VLIB_recursiveFilterHoriz1stOrder//c64P//VLIB_recursiveFilterHoriz1stOrder_674_LE_ELF"/>
        <file name="src/VLIB_recursiveFilterVert1stOrderS16//c64P//VLIB_recursiveFilterVert1stOrderS16_674_LE_COFF"/>
        <file name="src/VLIB_recursiveFilterVert1stOrderS16/VLIB_recursiveFilterVert1stOrderS16.h"/>
        <file name="src/VLIB_recursiveFilterVert1stOrderS16/VLIB_recursiveFilterVert1stOrderS16_cn.h"/>
        <file name="src/VLIB_recursiveFilterVert1stOrderS16/VLIB_recursiveFilterVert1stOrderS16_d.c"/>
        <file name="src/VLIB_recursiveFilterVert1stOrderS16/VLIB_recursiveFilterVert1stOrderS16_idat.c"/>
        <file name="src/VLIB_recursiveFilterVert1stOrderS16/VLIB_recursiveFilterVert1stOrderS16_idat.h"/>
        <file name="src/VLIB_recursiveFilterVert1stOrderS16//c64P/VLIB_recursiveFilterVert1stOrderS16.h"/>
        <file name="src/VLIB_recursiveFilterVert1stOrderS16//c64P//VLIB_recursiveFilterVert1stOrderS16_674_LE_ELF"/>
        <file name="src/VLIB_recursiveFilterVert1stOrder//c64P//VLIB_recursiveFilterVert1stOrder_674_LE_COFF"/>
        <file name="src/VLIB_recursiveFilterVert1stOrder/VLIB_recursiveFilterVert1stOrder.h"/>
        <file name="src/VLIB_recursiveFilterVert1stOrder/VLIB_recursiveFilterVert1stOrder_cn.h"/>
        <file name="src/VLIB_recursiveFilterVert1stOrder/VLIB_recursiveFilterVert1stOrder_d.c"/>
        <file name="src/VLIB_recursiveFilterVert1stOrder/VLIB_recursiveFilterVert1stOrder_idat.c"/>
        <file name="src/VLIB_recursiveFilterVert1stOrder/VLIB_recursiveFilterVert1stOrder_idat.h"/>
        <file name="src/VLIB_recursiveFilterVert1stOrder//c64P/VLIB_recursiveFilterVert1stOrder.h"/>
        <file name="src/VLIB_recursiveFilterVert1stOrder//c64P//VLIB_recursiveFilterVert1stOrder_674_LE_ELF"/>
        <file name="src/VLIB_simplex_3D//c64P//VLIB_simplex_3D_674_LE_COFF"/>
        <file name="src/VLIB_simplex_3D/VLIB_simplex_3D.h"/>
        <file name="src/VLIB_simplex_3D/VLIB_simplex_3D_cn.h"/>
        <file name="src/VLIB_simplex_3D/VLIB_simplex_3D_d.c"/>
        <file name="src/VLIB_simplex_3D/VLIB_simplex_3D_idat.c"/>
        <file name="src/VLIB_simplex_3D/VLIB_simplex_3D_idat.h"/>
        <file name="src/VLIB_simplex_3D//c64P/VLIB_simplex_3D.h"/>
        <file name="src/VLIB_simplex_3D//c64P//VLIB_simplex_3D_674_LE_ELF"/>
        <file name="src/VLIB_simplex//c64P//VLIB_simplex_674_LE_COFF"/>
        <file name="src/VLIB_simplex/VLIB_simplex.h"/>
        <file name="src/VLIB_simplex/VLIB_simplex_cn.h"/>
        <file name="src/VLIB_simplex/VLIB_simplex_d.c"/>
        <file name="src/VLIB_simplex/VLIB_simplex_idat.c"/>
        <file name="src/VLIB_simplex/VLIB_simplex_idat.h"/>
        <file name="src/VLIB_simplex//c64P/VLIB_simplex.h"/>
        <file name="src/VLIB_simplex//c64P//VLIB_simplex_674_LE_ELF"/>
        <file name="src/VLIB_subtractBackgroundS16//c64P//VLIB_subtractBackgroundS16_674_LE_COFF"/>
        <file name="src/VLIB_subtractBackgroundS16/VLIB_subtractBackgroundS16.h"/>
        <file name="src/VLIB_subtractBackgroundS16/VLIB_subtractBackgroundS16_cn.h"/>
        <file name="src/VLIB_subtractBackgroundS16/VLIB_subtractBackgroundS16_d.c"/>
        <file name="src/VLIB_subtractBackgroundS16/VLIB_subtractBackgroundS16_idat.c"/>
        <file name="src/VLIB_subtractBackgroundS16/VLIB_subtractBackgroundS16_idat.h"/>
        <file name="src/VLIB_subtractBackgroundS16//c64P/VLIB_subtractBackgroundS16.h"/>
        <file name="src/VLIB_subtractBackgroundS16//c64P//VLIB_subtractBackgroundS16_674_LE_ELF"/>
        <file name="src/VLIB_subtractBackgroundS32//c64P//VLIB_subtractBackgroundS32_674_LE_COFF"/>
        <file name="src/VLIB_subtractBackgroundS32/VLIB_subtractBackgroundS32.h"/>
        <file name="src/VLIB_subtractBackgroundS32/VLIB_subtractBackgroundS32_cn.h"/>
        <file name="src/VLIB_subtractBackgroundS32/VLIB_subtractBackgroundS32_d.c"/>
        <file name="src/VLIB_subtractBackgroundS32/VLIB_subtractBackgroundS32_idat.c"/>
        <file name="src/VLIB_subtractBackgroundS32/VLIB_subtractBackgroundS32_idat.h"/>
        <file name="src/VLIB_subtractBackgroundS32//c64P/VLIB_subtractBackgroundS32.h"/>
        <file name="src/VLIB_subtractBackgroundS32//c64P//VLIB_subtractBackgroundS32_674_LE_ELF"/>
        <file name="src/VLIB_trackFeaturesLucasKanade_7x7//c64P//VLIB_trackFeaturesLucasKanade_7x7_674_LE_COFF"/>
        <file name="src/VLIB_trackFeaturesLucasKanade_7x7/VLIB_trackFeaturesLucasKanade_7x7.h"/>
        <file name="src/VLIB_trackFeaturesLucasKanade_7x7/VLIB_trackFeaturesLucasKanade_7x7_cn.h"/>
        <file name="src/VLIB_trackFeaturesLucasKanade_7x7/VLIB_trackFeaturesLucasKanade_7x7_d.c"/>
        <file name="src/VLIB_trackFeaturesLucasKanade_7x7/VLIB_trackFeaturesLucasKanade_7x7_idat.c"/>
        <file name="src/VLIB_trackFeaturesLucasKanade_7x7/VLIB_trackFeaturesLucasKanade_7x7_idat.h"/>
        <file name="src/VLIB_trackFeaturesLucasKanade_7x7//c64P/VLIB_trackFeaturesLucasKanade_7x7.h"/>
        <file name="src/VLIB_trackFeaturesLucasKanade_7x7//c64P//VLIB_trackFeaturesLucasKanade_7x7_674_LE_ELF"/>
        <file name="src/VLIB_unpackMask32//c64P//VLIB_unpackMask32_674_LE_COFF"/>
        <file name="src/VLIB_unpackMask32/VLIB_unpackMask32.h"/>
        <file name="src/VLIB_unpackMask32/VLIB_unpackMask32_cn.h"/>
        <file name="src/VLIB_unpackMask32/VLIB_unpackMask32_d.c"/>
        <file name="src/VLIB_unpackMask32/VLIB_unpackMask32_idat.c"/>
        <file name="src/VLIB_unpackMask32/VLIB_unpackMask32_idat.h"/>
        <file name="src/VLIB_unpackMask32//c64P/VLIB_unpackMask32.h"/>
        <file name="src/VLIB_unpackMask32//c64P//VLIB_unpackMask32_674_LE_ELF"/>
        <file name="src/VLIB_updateEWRMeanS16//c64P//VLIB_updateEWRMeanS16_674_LE_COFF"/>
        <file name="src/VLIB_updateEWRMeanS16/VLIB_updateEWRMeanS16.h"/>
        <file name="src/VLIB_updateEWRMeanS16/VLIB_updateEWRMeanS16_cn.h"/>
        <file name="src/VLIB_updateEWRMeanS16/VLIB_updateEWRMeanS16_d.c"/>
        <file name="src/VLIB_updateEWRMeanS16/VLIB_updateEWRMeanS16_idat.c"/>
        <file name="src/VLIB_updateEWRMeanS16/VLIB_updateEWRMeanS16_idat.h"/>
        <file name="src/VLIB_updateEWRMeanS16//c64P/VLIB_updateEWRMeanS16.h"/>
        <file name="src/VLIB_updateEWRMeanS16//c64P//VLIB_updateEWRMeanS16_674_LE_ELF"/>
        <file name="src/VLIB_updateEWRMeanS32//c64P//VLIB_updateEWRMeanS32_674_LE_COFF"/>
        <file name="src/VLIB_updateEWRMeanS32/VLIB_updateEWRMeanS32.h"/>
        <file name="src/VLIB_updateEWRMeanS32/VLIB_updateEWRMeanS32_cn.h"/>
        <file name="src/VLIB_updateEWRMeanS32/VLIB_updateEWRMeanS32_d.c"/>
        <file name="src/VLIB_updateEWRMeanS32/VLIB_updateEWRMeanS32_idat.c"/>
        <file name="src/VLIB_updateEWRMeanS32/VLIB_updateEWRMeanS32_idat.h"/>
        <file name="src/VLIB_updateEWRMeanS32//c64P/VLIB_updateEWRMeanS32.h"/>
        <file name="src/VLIB_updateEWRMeanS32//c64P//VLIB_updateEWRMeanS32_674_LE_ELF"/>
        <file name="src/VLIB_updateEWRVarianceS16//c64P//VLIB_updateEWRVarianceS16_674_LE_COFF"/>
        <file name="src/VLIB_updateEWRVarianceS16/VLIB_updateEWRVarianceS16.h"/>
        <file name="src/VLIB_updateEWRVarianceS16/VLIB_updateEWRVarianceS16_cn.h"/>
        <file name="src/VLIB_updateEWRVarianceS16/VLIB_updateEWRVarianceS16_d.c"/>
        <file name="src/VLIB_updateEWRVarianceS16/VLIB_updateEWRVarianceS16_idat.c"/>
        <file name="src/VLIB_updateEWRVarianceS16/VLIB_updateEWRVarianceS16_idat.h"/>
        <file name="src/VLIB_updateEWRVarianceS16//c64P/VLIB_updateEWRVarianceS16.h"/>
        <file name="src/VLIB_updateEWRVarianceS16//c64P//VLIB_updateEWRVarianceS16_674_LE_ELF"/>
        <file name="src/VLIB_updateEWRVarianceS32//c64P//VLIB_updateEWRVarianceS32_674_LE_COFF"/>
        <file name="src/VLIB_updateEWRVarianceS32/VLIB_updateEWRVarianceS32.h"/>
        <file name="src/VLIB_updateEWRVarianceS32/VLIB_updateEWRVarianceS32_cn.h"/>
        <file name="src/VLIB_updateEWRVarianceS32/VLIB_updateEWRVarianceS32_d.c"/>
        <file name="src/VLIB_updateEWRVarianceS32/VLIB_updateEWRVarianceS32_idat.c"/>
        <file name="src/VLIB_updateEWRVarianceS32/VLIB_updateEWRVarianceS32_idat.h"/>
        <file name="src/VLIB_updateEWRVarianceS32//c64P/VLIB_updateEWRVarianceS32.h"/>
        <file name="src/VLIB_updateEWRVarianceS32//c64P//VLIB_updateEWRVarianceS32_674_LE_ELF"/>
        <file name="src/VLIB_updateUWRMeanS16//c64P//VLIB_updateUWRMeanS16_674_LE_COFF"/>
        <file name="src/VLIB_updateUWRMeanS16/VLIB_updateUWRMeanS16.h"/>
        <file name="src/VLIB_updateUWRMeanS16/VLIB_updateUWRMeanS16_cn.h"/>
        <file name="src/VLIB_updateUWRMeanS16/VLIB_updateUWRMeanS16_d.c"/>
        <file name="src/VLIB_updateUWRMeanS16/VLIB_updateUWRMeanS16_idat.c"/>
        <file name="src/VLIB_updateUWRMeanS16/VLIB_updateUWRMeanS16_idat.h"/>
        <file name="src/VLIB_updateUWRMeanS16//c64P/VLIB_updateUWRMeanS16.h"/>
        <file name="src/VLIB_updateUWRMeanS16//c64P//VLIB_updateUWRMeanS16_674_LE_ELF"/>
        <file name="src/VLIB_updateUWRVarianceS16//c64P//VLIB_updateUWRVarianceS16_674_LE_COFF"/>
        <file name="src/VLIB_updateUWRVarianceS16/VLIB_updateUWRVarianceS16.h"/>
        <file name="src/VLIB_updateUWRVarianceS16/VLIB_updateUWRVarianceS16_cn.h"/>
        <file name="src/VLIB_updateUWRVarianceS16/VLIB_updateUWRVarianceS16_d.c"/>
        <file name="src/VLIB_updateUWRVarianceS16/VLIB_updateUWRVarianceS16_idat.c"/>
        <file name="src/VLIB_updateUWRVarianceS16/VLIB_updateUWRVarianceS16_idat.h"/>
        <file name="src/VLIB_updateUWRVarianceS16//c64P/VLIB_updateUWRVarianceS16.h"/>
        <file name="src/VLIB_updateUWRVarianceS16//c64P//VLIB_updateUWRVarianceS16_674_LE_ELF"/>
        <file name="src/VLIB_weightedHistogram_1D_U16//c64P//VLIB_weightedHistogram_1D_U16_674_LE_COFF"/>
        <file name="src/VLIB_weightedHistogram_1D_U16/VLIB_weightedHistogram_1D_U16.h"/>
        <file name="src/VLIB_weightedHistogram_1D_U16/VLIB_weightedHistogram_1D_U16_cn.h"/>
        <file name="src/VLIB_weightedHistogram_1D_U16/VLIB_weightedHistogram_1D_U16_d.c"/>
        <file name="src/VLIB_weightedHistogram_1D_U16/VLIB_weightedHistogram_1D_U16_idat.c"/>
        <file name="src/VLIB_weightedHistogram_1D_U16/VLIB_weightedHistogram_1D_U16_idat.h"/>
        <file name="src/VLIB_weightedHistogram_1D_U16//c64P/VLIB_weightedHistogram_1D_U16.h"/>
        <file name="src/VLIB_weightedHistogram_1D_U16//c64P//VLIB_weightedHistogram_1D_U16_674_LE_ELF"/>
        <file name="src/VLIB_weightedHistogram_1D_U8//c64P//VLIB_weightedHistogram_1D_U8_674_LE_COFF"/>
        <file name="src/VLIB_weightedHistogram_1D_U8/VLIB_weightedHistogram_1D_U8.h"/>
        <file name="src/VLIB_weightedHistogram_1D_U8/VLIB_weightedHistogram_1D_U8_cn.h"/>
        <file name="src/VLIB_weightedHistogram_1D_U8/VLIB_weightedHistogram_1D_U8_d.c"/>
        <file name="src/VLIB_weightedHistogram_1D_U8/VLIB_weightedHistogram_1D_U8_idat.c"/>
        <file name="src/VLIB_weightedHistogram_1D_U8/VLIB_weightedHistogram_1D_U8_idat.h"/>
        <file name="src/VLIB_weightedHistogram_1D_U8//c64P/VLIB_weightedHistogram_1D_U8.h"/>
        <file name="src/VLIB_weightedHistogram_1D_U8//c64P//VLIB_weightedHistogram_1D_U8_674_LE_ELF"/>
        <file name="src/VLIB_weightedHistogram_nD_U16//c64P//VLIB_weightedHistogram_nD_U16_674_LE_COFF"/>
        <file name="src/VLIB_weightedHistogram_nD_U16/VLIB_weightedHistogram_nD_U16.h"/>
        <file name="src/VLIB_weightedHistogram_nD_U16/VLIB_weightedHistogram_nD_U16_cn.h"/>
        <file name="src/VLIB_weightedHistogram_nD_U16/VLIB_weightedHistogram_nD_U16_d.c"/>
        <file name="src/VLIB_weightedHistogram_nD_U16/VLIB_weightedHistogram_nD_U16_idat.c"/>
        <file name="src/VLIB_weightedHistogram_nD_U16/VLIB_weightedHistogram_nD_U16_idat.h"/>
        <file name="src/VLIB_weightedHistogram_nD_U16//c64P/VLIB_weightedHistogram_nD_U16.h"/>
        <file name="src/VLIB_weightedHistogram_nD_U16//c64P//VLIB_weightedHistogram_nD_U16_674_LE_ELF"/>
        <file name="src/VLIB_xyGradientsAndMagnitude//c64P//VLIB_xyGradientsAndMagnitude_674_LE_COFF"/>
        <file name="src/VLIB_xyGradientsAndMagnitude/VLIB_xyGradientsAndMagnitude.h"/>
        <file name="src/VLIB_xyGradientsAndMagnitude/VLIB_xyGradientsAndMagnitude_cn.h"/>
        <file name="src/VLIB_xyGradientsAndMagnitude/VLIB_xyGradientsAndMagnitude_d.c"/>
        <file name="src/VLIB_xyGradientsAndMagnitude/VLIB_xyGradientsAndMagnitude_idat.c"/>
        <file name="src/VLIB_xyGradientsAndMagnitude/VLIB_xyGradientsAndMagnitude_idat.h"/>
        <file name="src/VLIB_xyGradientsAndMagnitude//c64P/VLIB_xyGradientsAndMagnitude.h"/>
        <file name="src/VLIB_xyGradientsAndMagnitude//c64P//VLIB_xyGradientsAndMagnitude_674_LE_ELF"/>
        <file name="src/VLIB_xyGradients//c64P//VLIB_xyGradients_674_LE_COFF"/>
        <file name="src/VLIB_xyGradients/VLIB_xyGradients.h"/>
        <file name="src/VLIB_xyGradients/VLIB_xyGradients_cn.h"/>
        <file name="src/VLIB_xyGradients/VLIB_xyGradients_d.c"/>
        <file name="src/VLIB_xyGradients/VLIB_xyGradients_idat.c"/>
        <file name="src/VLIB_xyGradients/VLIB_xyGradients_idat.h"/>
        <file name="src/VLIB_xyGradients//c64P/VLIB_xyGradients.h"/>
        <file name="src/VLIB_xyGradients//c64P//VLIB_xyGradients_674_LE_ELF"/>
        <file name="src/VLIB_xyGradients_Magnitude_Orientations//c64P//VLIB_xyGradients_Magnitude_Orientations_674_LE_COFF"/>
        <file name="src/VLIB_xyGradients_Magnitude_Orientations/VLIB_xyGradients_Magnitude_Orientations.h"/>
        <file name="src/VLIB_xyGradients_Magnitude_Orientations/VLIB_xyGradients_Magnitude_Orientations_cn.h"/>
        <file name="src/VLIB_xyGradients_Magnitude_Orientations/VLIB_xyGradients_Magnitude_Orientations_d.c"/>
        <file name="src/VLIB_xyGradients_Magnitude_Orientations/VLIB_xyGradients_Magnitude_Orientations_idat.c"/>
        <file name="src/VLIB_xyGradients_Magnitude_Orientations/VLIB_xyGradients_Magnitude_Orientations_idat.h"/>
        <file name="src/VLIB_xyGradients_Magnitude_Orientations//c64P/VLIB_xyGradients_Magnitude_Orientations.h"/>
        <file name="src/VLIB_xyGradients_Magnitude_Orientations//c64P//VLIB_xyGradients_Magnitude_Orientations_674_LE_ELF"/>
        <file name="docs/bundle/manifest/doxyfile.xdt"/>
        <file name="docs/bundle/doxygen/doxyfile.xdt"/>
        <file name="docs/doxygen/doxyfile.xdt"/>
        <file name="docs/manifest/manifest_tspa.xml.xdt"/>
        <file name="docs/manifest/Software_Manifest.html"/>
        <file name="Makedocs.mk.xdt"/>
        <file name="vlib.h"/>
        <file name="vlib_cn.h"/>
        <file name="src/common/c64P/VLIB_types.h"/>
        <file name="./src/common/VLIB_profile.h"/>
        <file name="./src/common/VLIB_test.h"/>
        <file name="./src/common/VLIB_memory.h"/>
        <file name="./src/common/VLIB_types.h"/>
        <file name="./src/common/VLIB_platforms.h"/>
        <file name="./src/common/VLIB_kalmanFilter.h"/>
        <file name="./src/common/VLIB_cache.h"/>
        <file name="./src/common/VLIB_orb_utilities.h"/>
        <file name="./src/common/VLIB_orb.h"/>
        <file name="./src/common/VLIB_haarDetectObjects_types.h"/>
        <file name="./src/common/VLIB_haarDetectObjectsClassifier_idat.h"/>
        <file name="./src/common/VLIB_tiler.h"/>
        <file name="docs/relnotes_archive"/>
        <file name="package/package.xdc.inc"/>
        <file name="package/package.cfg.xdc.inc"/>
    </release>
    </releases>
    <repositories>
    </repositories>
</package>
